CB_0_closed,CB_1_closed,CB_2_closed,CB_3_closed,CB_4_closed,CB_5_closed,CB_6_closed,CB_7_closed,CB_8_closed,CB_9_closed,CB_10_closed,CB_11_closed,CB_12_closed,CB_13_closed,CB_14_closed,CB_15_closed,CB_16_closed,CB_17_closed,CB_18_closed,CB_19_closed,CB_20_closed,CB_21_closed,CB_151_closed,CB_152_closed,CB_153_closed,CB_158_closed,CB_22_closed,CB_23_closed,CB_24_closed,CB_25_closed,CB_171_closed,CB_172_closed,CB_173_closed,CB_178_closed,load_0::p,load_0::q,load_1::p,load_1::q,load_2::p,load_2::q,load_3::p,load_3::q,load_4::p,load_4::q,load_5::p,load_5::q,load_6::p,load_6::q,load_7::p,load_7::q,load_8::p,load_8::q,load_9::p,load_9::q,load_10::p,load_10::q,load_11::p,load_11::q,load_12::p,load_12::q,load_13::p,load_13::q,load_14::p,load_14::q,load_15::p,load_15::q,load_16::p,load_16::q,load_17::p,load_17::q,trafo_0_in_service,trafo_1_in_service,trafo_2_in_service,trafo_3_in_service,trafo_4_in_service,trafo_5_in_service,feeder_0_in_service,feeder_1_in_service,total_init_load,anomaly,reason
0,0,1,0,0,0,1,0,0,1,0,1,1,1,1,0,0,1,0,0,0,0,0,1,1,1,1,1,0,1,1,1,0,1,0.0,0.0,0.0,0.0,0.0,0.0,0.0,0.0,0.0,0.0,0.0,0.0,0.0,0.0,0.0,0.0,0.0,0.0,0.0,0.0,0.0,0.0,0.0,0.0,0.0,0.0,0.0,0.0,0.0,0.0,0.0,0.0,0.0,0.0,0.0,0.0,0,1,0,1,1,1,0,1,0.0,1,Config Violation: Feeder1
0,1,0,1,1,0,1,1,1,1,1,0,0,1,1,1,0,1,1,0,0,1,1,0,0,1,1,1,0,1,0,1,0,1,0.0,0.0,0.0,0.0,0.0,0.0,0.0,0.0,0.0,0.0,0.0,0.0,0.0,0.0,0.0,0.0,0.0,0.0,0.0,0.0,0.0,0.0,0.0,0.0,0.0,0.0,0.0,0.0,0.0,0.0,0.0,0.0,0.0,0.0,0.0,0.0,0,1,1,0,0,0,1,0,0.0,1,Config Violation: Feeder2
0,0,1,0,0,1,1,0,0,1,1,1,1,1,0,1,1,1,1,0,1,1,0,1,1,1,1,1,0,1,1,0,0,1,0.0,0.0,0.0,0.0,0.0,0.0,0.0,0.0,0.0,0.0,0.0,0.0,0.0,0.0,0.0,0.0,0.0,0.0,0.0,0.0,0.0,0.0,0.0,0.0,0.0,0.0,0.0,0.0,0.0,0.0,0.0,0.0,0.0,0.0,0.0,0.0,0,1,0,1,1,1,1,0,0.0,1,Config Violation: Feeder1
1,1,0,1,1,1,1,1,1,0,0,1,0,0,1,1,0,1,0,0,1,0,0,1,1,0,1,1,0,1,0,0,1,0,2.4803,0.4961,2.4504,0.6683,0.0,0.0,0.0,0.0,0.0,0.0,0.0,0.0,0.0,0.0,0.0,0.0,0.0,0.0,0.0,0.0,0.0,0.0,0.0,0.0,1.8191,0.4042,0.0,0.0,0.0,0.0,0.0,0.0,0.0,0.0,0.0,0.0,1,0,0,1,0,1,0,1,6.749750449873935,1,Config Violation: Trafo1
0,0,1,0,1,1,1,0,1,1,0,1,1,0,0,1,1,0,1,0,0,1,1,1,0,0,1,1,0,1,0,0,1,0,0.0,0.0,0.0,0.0,0.0,0.0,0.0,0.0,0.0,0.0,0.0,0.0,0.0,0.0,0.0,0.0,0.0,0.0,0.0,0.0,2.056,0.514,0.0,0.0,0.0,0.0,3.0433,0.2536,0.0,0.0,0.0,0.0,0.0,0.0,0.0,0.0,1,0,1,1,0,1,0,1,5.099322708705994,1,Config Violation: Feeder1
1,1,1,0,1,1,1,1,0,1,0,1,0,1,1,1,0,1,1,1,0,0,0,0,0,1,1,0,1,1,1,1,0,0,2.8553,0.5711,0.0,0.0,2.0662,0.2296,0.0,0.0,0.0,0.0,0.0,0.0,0.0,0.0,0.0,0.0,0.0,0.0,0.0,0.0,0.0,0.0,0.0,0.0,0.0,0.0,0.0,0.0,0.0,0.0,0.0,0.0,0.0,0.0,0.0,0.0,1,0,0,0,0,0,1,0,4.92151901114919,1,Config Violation: Trafo1
0,0,0,0,0,1,1,1,1,0,0,0,1,0,1,0,0,1,0,0,1,1,1,1,0,1,1,1,0,1,1,0,0,1,0.0,0.0,0.0,0.0,0.0,0.0,0.0,0.0,0.0,0.0,0.0,0.0,0.0,0.0,0.0,0.0,0.0,0.0,0.0,0.0,0.0,0.0,0.0,0.0,0.0,0.0,0.0,0.0,0.0,0.0,0.0,0.0,0.0,0.0,0.0,0.0,0,0,1,1,0,0,1,1,0.0,1,Config Violation: Feeder1
1,0,0,0,1,1,0,0,1,0,0,0,0,0,0,1,1,0,0,1,0,1,0,0,0,0,1,1,0,1,0,1,0,0,0.0,0.0,0.0,0.0,0.0,0.0,0.0,0.0,0.0,0.0,0.0,0.0,0.0,0.0,0.0,0.0,0.0,0.0,0.0,0.0,0.0,0.0,0.0,0.0,0.0,0.0,0.0,0.0,0.0,0.0,0.0,0.0,0.0,0.0,0.0,0.0,0,0,1,0,0,1,1,0,0.0,1,Config Violation: Trafo1
0,1,1,1,0,0,1,0,0,1,0,0,0,0,0,0,0,0,1,1,1,1,0,0,0,0,1,0,0,0,1,0,1,1,0.0,0.0,0.0,0.0,0.0,0.0,0.0,0.0,0.0,0.0,0.0,0.0,0.0,0.0,0.0,0.0,0.0,0.0,0.0,0.0,0.0,0.0,0.0,0.0,0.0,0.0,0.0,0.0,0.0,0.0,0.0,0.0,0.0,0.0,0.0,0.0,1,0,1,0,0,0,1,0,0.0,1,Config Violation: Feeder1
1,1,1,0,0,0,0,0,0,1,1,0,1,1,1,1,1,1,1,1,0,1,1,1,0,1,1,1,0,0,1,0,0,0,0.0,0.0,0.0,0.0,0.0,0.0,0.0,0.0,0.0,0.0,0.0,0.0,3.0346,0.6069,2.185,0.5959,2.1828,0.2425,3.3151,0.8288,1.9948,0.4987,2.3866,0.2387,0.0,0.0,2.5227,0.2102,0.0,0.0,0.0,0.0,0.0,0.0,0.0,0.0,0,1,1,0,0,0,1,1,17.62174220787535,1,Config Violation: Feeder1
0,1,0,0,1,1,1,0,0,0,0,0,0,1,0,0,1,1,0,0,0,1,0,0,0,0,1,1,0,0,0,1,1,1,0.0,0.0,0.0,0.0,0.0,0.0,0.0,0.0,0.0,0.0,2.1755,0.2176,0.0,0.0,0.0,0.0,0.0,0.0,0.0,0.0,0.0,0.0,0.0,0.0,0.0,0.0,0.0,0.0,2.0783,0.4157,2.2702,0.6191,0.0,0.0,0.0,0.0,1,1,1,1,1,1,0,1,6.52398734856083,1,Config Violation: Feeder1
0,0,0,1,1,0,0,1,0,1,1,1,0,1,0,0,0,0,1,1,0,0,0,0,0,0,1,0,1,1,1,0,1,0,0.0,0.0,0.0,0.0,0.0,0.0,0.0,0.0,0.0,0.0,0.0,0.0,0.0,0.0,0.0,0.0,0.0,0.0,0.0,0.0,0.0,0.0,0.0,0.0,0.0,0.0,0.0,0.0,0.0,0.0,0.0,0.0,0.0,0.0,0.0,0.0,0,0,1,0,1,1,1,1,0.0,1,Config Violation: Trafo1
0,1,1,0,1,0,0,0,1,1,0,0,1,0,1,1,1,0,1,1,0,1,0,1,0,1,1,1,1,0,1,1,1,0,0.0,0.0,0.0,0.0,0.0,0.0,0.0,0.0,0.0,0.0,0.0,0.0,0.0,0.0,0.0,0.0,0.0,0.0,0.0,0.0,0.0,0.0,0.0,0.0,0.0,0.0,0.0,0.0,0.0,0.0,0.0,0.0,0.0,0.0,0.0,0.0,0,0,1,1,1,0,1,1,0.0,1,Config Violation: Feeder1
0,0,1,0,0,1,0,1,1,1,1,1,0,0,1,1,1,1,0,0,1,1,1,1,1,1,1,1,0,0,1,1,1,1,0.0,0.0,0.0,0.0,0.0,0.0,0.0,0.0,0.0,0.0,0.0,0.0,0.0,0.0,0.0,0.0,0.0,0.0,0.0,0.0,0.0,0.0,0.0,0.0,0.0,0.0,0.0,0.0,0.0,0.0,0.0,0.0,0.0,0.0,0.0,0.0,0,0,1,1,1,0,1,0,0.0,1,Config Violation: Feeder1
1,1,0,0,0,0,1,0,0,1,0,1,1,0,1,0,1,1,0,1,0,1,0,1,1,1,0,0,0,0,0,0,0,0,0.0,0.0,0.0,0.0,0.0,0.0,0.0,0.0,0.0,0.0,0.0,0.0,0.0,0.0,0.0,0.0,0.0,0.0,0.0,0.0,0.0,0.0,0.0,0.0,0.0,0.0,0.0,0.0,0.0,0.0,0.0,0.0,0.0,0.0,0.0,0.0,0,0,0,0,0,0,1,0,0.0,1,Config Violation: Feeder1
1,1,1,1,1,1,1,1,0,0,1,1,0,1,1,0,0,1,1,1,0,0,0,1,0,0,0,0,0,1,1,0,0,1,0.0,0.0,0.0,0.0,0.0,0.0,0.0,0.0,0.0,0.0,0.0,0.0,0.0,0.0,0.0,0.0,0.0,0.0,0.0,0.0,1.6241,0.406,2.8074,0.2807,0.0,0.0,0.0,0.0,0.0,0.0,0.0,0.0,0.0,0.0,2.8805,0.7201,0,0,0,1,1,1,1,0,7.312101430615234,1,Config Violation: Trafo1
0,1,0,1,1,1,1,0,0,0,1,0,0,0,1,1,1,0,0,0,0,0,1,0,1,1,1,1,1,0,1,1,1,0,0.0,0.0,0.0,0.0,0.0,0.0,0.0,0.0,0.0,0.0,0.0,0.0,0.0,0.0,0.0,0.0,0.0,0.0,0.0,0.0,0.0,0.0,0.0,0.0,0.0,0.0,0.0,0.0,0.0,0.0,0.0,0.0,0.0,0.0,0.0,0.0,0,0,0,0,1,1,1,0,0.0,1,Config Violation: Trafo1
0,0,0,1,1,0,0,1,1,0,1,0,0,1,1,0,1,0,1,1,1,0,1,1,1,0,0,1,1,0,0,1,1,1,0.0,0.0,0.0,0.0,0.0,0.0,0.0,0.0,0.0,0.0,0.0,0.0,0.0,0.0,0.0,0.0,0.0,0.0,0.0,0.0,0.0,0.0,0.0,0.0,0.0,0.0,0.0,0.0,0.0,0.0,0.0,0.0,0.0,0.0,0.0,0.0,0,1,0,1,1,1,1,0,0.0,1,Config Violation: Feeder2
0,1,1,0,1,1,0,0,0,1,0,1,1,1,0,0,1,1,0,1,0,1,0,1,1,0,1,1,0,0,0,0,0,1,0.0,0.0,0.0,0.0,0.0,0.0,0.0,0.0,0.0,0.0,0.0,0.0,0.0,0.0,0.0,0.0,0.0,0.0,0.0,0.0,0.0,0.0,0.0,0.0,0.0,0.0,0.0,0.0,0.0,0.0,0.0,0.0,0.0,0.0,0.0,0.0,1,1,0,1,1,1,1,0,0.0,1,Config Violation: Feeder1
0,1,1,0,1,0,0,1,0,1,1,0,0,1,0,0,1,1,0,0,1,1,1,0,0,1,0,1,0,1,0,1,1,1,0.0,0.0,0.0,0.0,0.0,0.0,0.0,0.0,0.0,0.0,0.0,0.0,0.0,0.0,0.0,0.0,0.0,0.0,0.0,0.0,0.0,0.0,0.0,0.0,0.0,0.0,0.0,0.0,0.0,0.0,0.0,0.0,0.0,0.0,0.0,0.0,1,0,0,0,0,0,1,0,0.0,1,Config Violation: Feeder1
1,0,1,1,0,0,0,1,0,1,1,0,0,1,0,0,0,1,1,0,1,0,0,1,0,0,1,0,1,0,1,1,1,1,0.0,0.0,0.0,0.0,0.0,0.0,0.0,0.0,0.0,0.0,0.0,0.0,0.0,0.0,0.0,0.0,0.0,0.0,0.0,0.0,0.0,0.0,0.0,0.0,0.0,0.0,0.0,0.0,0.0,0.0,0.0,0.0,0.0,0.0,0.0,0.0,0,0,1,0,0,0,0,1,0.0,1,Config Violation: Trafo1
0,0,1,0,0,1,0,1,1,0,1,0,1,1,0,0,1,0,1,1,0,1,1,0,0,1,1,1,0,0,0,0,1,0,0.0,0.0,0.0,0.0,0.0,0.0,0.0,0.0,0.0,0.0,0.0,0.0,0.0,0.0,0.0,0.0,0.0,0.0,0.0,0.0,0.0,0.0,0.0,0.0,0.0,0.0,0.0,0.0,0.0,0.0,0.0,0.0,0.0,0.0,0.0,0.0,0,0,0,0,1,0,1,1,0.0,1,Config Violation: Feeder1
1,1,0,1,0,1,0,1,0,0,1,1,0,0,1,0,0,0,1,1,0,0,0,1,1,1,1,1,0,1,0,1,1,0,0.0,0.0,0.0,0.0,0.0,0.0,0.0,0.0,0.0,0.0,0.0,0.0,0.0,0.0,0.0,0.0,0.0,0.0,0.0,0.0,0.0,0.0,0.0,0.0,0.0,0.0,0.0,0.0,0.0,0.0,0.0,0.0,0.0,0.0,0.0,0.0,0,1,1,1,0,0,0,1,0.0,1,Config Violation: Feeder3
0,0,0,0,0,1,0,0,1,1,1,1,1,0,0,1,1,1,1,0,0,1,0,1,0,1,1,1,1,1,1,0,0,1,0.0,0.0,0.0,0.0,0.0,0.0,0.0,0.0,0.0,0.0,0.0,0.0,0.0,0.0,0.0,0.0,0.0,0.0,0.0,0.0,0.0,0.0,0.0,0.0,0.0,0.0,0.0,0.0,0.0,0.0,0.0,0.0,0.0,0.0,0.0,0.0,0,1,1,0,1,0,0,1,0.0,1,Config Violation: Feeder1
0,1,1,1,1,0,0,0,0,1,1,0,0,1,0,0,1,0,1,1,0,0,0,1,1,0,0,0,0,0,0,0,0,0,0.0,0.0,0.0,0.0,0.0,0.0,0.0,0.0,0.0,0.0,0.0,0.0,0.0,0.0,0.0,0.0,0.0,0.0,0.0,0.0,0.0,0.0,0.0,0.0,0.0,0.0,0.0,0.0,0.0,0.0,0.0,0.0,0.0,0.0,0.0,0.0,0,0,0,0,0,1,1,1,0.0,1,Config Violation: Trafo1
1,0,1,1,0,1,1,0,1,1,1,1,0,1,1,1,1,0,0,0,1,0,1,1,0,1,1,1,1,0,0,1,1,1,0.0,0.0,2.6014,0.7095,2.3875,0.2653,3.3437,0.8359,0.0,0.0,2.2401,0.224,1.9621,0.3924,2.1963,0.599,1.9954,0.2217,0.0,0.0,0.0,0.0,0.0,0.0,2.7506,0.6112,0.0,0.0,0.0,0.0,0.0,0.0,0.0,0.0,0.0,0.0,1,0,1,1,0,0,1,0,19.47708858348661,1,Config Violation: Trafo3
1,0,0,0,0,0,0,1,1,1,0,1,1,0,1,0,0,0,1,0,1,0,1,1,1,1,0,1,0,1,1,0,1,1,2.8359,0.5672,2.6463,0.7217,2.6676,0.2964,0.0,0.0,0.0,0.0,0.0,0.0,0.0,0.0,0.0,0.0,0.0,0.0,0.0,0.0,0.0,0.0,0.0,0.0,0.0,0.0,0.0,0.0,0.0,0.0,0.0,0.0,0.0,0.0,0.0,0.0,1,0,1,0,0,1,1,1,8.14981466615138,1,Config Violation: Feeder1
0,1,1,0,1,1,1,1,1,0,0,0,1,0,1,0,1,1,0,0,1,1,1,1,1,0,1,0,1,0,0,0,0,1,2.6224,0.5245,2.2544,0.6148,0.0,0.0,0.0,0.0,1.8845,0.4711,0.0,0.0,2.8148,0.563,0.0,0.0,2.4546,0.2727,3.2243,0.8061,0.0,0.0,0.0,0.0,1.7797,0.3955,2.7416,0.2285,0.0,0.0,0.0,0.0,0.0,0.0,0.0,0.0,1,1,1,1,0,0,1,1,19.776269377711962,1,Config Violation: Feeder1
0,1,0,0,0,1,1,0,1,0,1,1,1,0,1,0,1,0,1,0,0,0,0,1,0,1,1,1,0,0,1,1,0,1,0.0,0.0,0.0,0.0,0.0,0.0,0.0,0.0,0.0,0.0,0.0,0.0,0.0,0.0,0.0,0.0,0.0,0.0,0.0,0.0,0.0,0.0,0.0,0.0,0.0,0.0,0.0,0.0,0.0,0.0,0.0,0.0,0.0,0.0,0.0,0.0,1,0,1,1,1,1,0,1,0.0,1,Config Violation: Feeder1
1,1,1,0,1,1,1,1,0,0,1,0,0,0,0,0,1,0,1,1,1,1,1,1,1,0,1,0,1,0,1,0,0,1,2.9212,0.5842,0.0,0.0,0.0,0.0,0.0,0.0,0.0,0.0,0.0,0.0,0.0,0.0,0.0,0.0,0.0,0.0,0.0,0.0,1.6909,0.4227,2.5437,0.2544,2.3258,0.5169,2.4748,0.2062,0.0,0.0,0.0,0.0,0.0,0.0,0.0,0.0,1,1,0,1,0,1,0,1,11.956468674787395,1,Config Violation: Trafo2
0,1,0,0,1,1,1,1,1,1,1,1,0,0,1,0,1,0,1,1,1,0,1,1,1,1,0,0,0,0,0,1,0,1,2.8279,0.5656,2.4277,0.6621,2.7507,0.3056,2.4441,0.611,0.0,0.0,0.0,0.0,1.9936,0.3987,0.0,0.0,2.4093,0.2677,0.0,0.0,1.9941,0.4985,2.4888,0.2489,2.101,0.4669,0.0,0.0,0.0,0.0,0.0,0.0,0.0,0.0,0.0,0.0,1,1,0,1,0,0,0,1,21.437275443138304,1,Config Violation: Feeder1
1,1,1,0,0,1,0,0,0,1,0,1,0,0,1,0,0,0,0,1,0,1,0,0,1,0,0,1,0,1,1,0,1,0,0.0,0.0,0.0,0.0,2.6206,0.2912,0.0,0.0,0.0,0.0,0.0,0.0,0.0,0.0,0.0,0.0,0.0,0.0,0.0,0.0,0.0,0.0,0.0,0.0,0.0,0.0,0.0,0.0,0.0,0.0,3.1769,0.8664,0.0,0.0,2.7374,0.6844,1,1,1,0,1,1,1,1,8.534915875623525,1,Config Violation: Feeder1
1,0,1,0,0,0,1,1,1,1,0,1,0,1,0,0,0,1,1,0,1,0,0,0,0,0,0,0,0,0,1,1,1,0,0.0,0.0,0.0,0.0,0.0,0.0,0.0,0.0,0.0,0.0,0.0,0.0,0.0,0.0,0.0,0.0,0.0,0.0,0.0,0.0,0.0,0.0,0.0,0.0,0.0,0.0,0.0,0.0,0.0,0.0,0.0,0.0,0.0,0.0,0.0,0.0,1,1,1,0,0,0,0,1,0.0,1,Config Violation: Feeder1
0,1,0,0,0,1,1,1,1,1,1,1,0,1,1,0,1,1,0,0,1,1,0,0,1,0,0,1,0,1,1,0,1,1,0.0,0.0,0.0,0.0,0.0,0.0,0.0,0.0,0.0,0.0,0.0,0.0,0.0,0.0,0.0,0.0,0.0,0.0,0.0,0.0,0.0,0.0,0.0,0.0,0.0,0.0,0.0,0.0,0.0,0.0,0.0,0.0,0.0,0.0,0.0,0.0,1,0,0,1,1,0,1,1,0.0,1,Config Violation: Feeder1
0,1,1,1,0,0,1,0,1,1,0,0,1,1,0,1,0,1,1,0,1,0,0,0,0,0,1,0,1,1,1,0,1,1,0.0,0.0,0.0,0.0,0.0,0.0,0.0,0.0,0.0,0.0,0.0,0.0,0.0,0.0,0.0,0.0,0.0,0.0,0.0,0.0,0.0,0.0,0.0,0.0,0.0,0.0,0.0,0.0,0.0,0.0,0.0,0.0,0.0,0.0,0.0,0.0,1,1,0,0,0,0,0,1,0.0,1,Config Violation: Feeder1
0,1,0,0,0,0,1,1,0,0,1,0,0,0,0,1,0,0,0,0,0,0,1,0,1,1,0,0,0,1,0,0,0,0,0.0,0.0,0.0,0.0,0.0,0.0,0.0,0.0,0.0,0.0,0.0,0.0,0.0,0.0,0.0,0.0,0.0,0.0,0.0,0.0,0.0,0.0,0.0,0.0,0.0,0.0,0.0,0.0,0.0,0.0,0.0,0.0,0.0,0.0,0.0,0.0,0,1,0,0,0,1,1,0,0.0,1,Config Violation: Feeder1
1,1,1,1,1,0,1,1,1,1,0,1,0,1,0,0,0,0,0,0,0,1,1,0,1,1,1,1,0,0,1,0,0,0,0.0,0.0,0.0,0.0,0.0,0.0,0.0,0.0,0.0,0.0,0.0,0.0,0.0,0.0,0.0,0.0,0.0,0.0,0.0,0.0,0.0,0.0,0.0,0.0,0.0,0.0,2.6632,0.2219,0.0,0.0,0.0,0.0,0.0,0.0,0.0,0.0,0,0,0,1,0,1,1,1,2.6631772369696622,1,Config Violation: Trafo1
0,1,1,1,1,0,0,1,0,1,0,1,1,0,1,1,0,1,1,0,0,1,1,0,1,0,1,0,1,0,0,0,0,1,2.1968,0.4394,0.0,0.0,2.0756,0.2306,0.0,0.0,0.0,0.0,0.0,0.0,0.0,0.0,0.0,0.0,0.0,0.0,0.0,0.0,1.6944,0.4236,0.0,0.0,0.0,0.0,3.3937,0.2828,0.0,0.0,0.0,0.0,0.0,0.0,0.0,0.0,1,0,0,1,0,1,0,1,9.360543468120492,1,Config Violation: Trafo1
1,0,0,0,0,0,0,0,0,0,1,1,0,0,1,1,0,1,0,0,1,0,1,1,1,1,0,1,1,1,1,0,1,1,0.0,0.0,0.0,0.0,0.0,0.0,0.0,0.0,0.0,0.0,0.0,0.0,0.0,0.0,0.0,0.0,0.0,0.0,0.0,0.0,0.0,0.0,0.0,0.0,0.0,0.0,0.0,0.0,0.0,0.0,0.0,0.0,0.0,0.0,0.0,0.0,0,0,0,1,1,1,0,1,0.0,1,Config Violation: Feeder1
1,1,0,0,1,1,1,1,1,0,1,0,0,0,0,0,1,1,1,0,1,0,0,1,1,1,1,1,0,0,1,0,1,0,0.0,0.0,0.0,0.0,0.0,0.0,0.0,0.0,0.0,0.0,0.0,0.0,0.0,0.0,0.0,0.0,0.0,0.0,0.0,0.0,0.0,0.0,0.0,0.0,0.0,0.0,0.0,0.0,0.0,0.0,0.0,0.0,0.0,0.0,0.0,0.0,0,0,1,1,0,0,1,0,0.0,1,Config Violation: Trafo1
1,1,0,0,1,0,1,0,0,1,0,1,0,1,0,1,1,0,0,1,0,1,1,1,1,0,1,1,1,0,0,0,0,1,0.0,0.0,0.0,0.0,0.0,0.0,2.4503,0.6126,0.0,0.0,2.1176,0.2118,0.0,0.0,0.0,0.0,0.0,0.0,0.0,0.0,0.0,0.0,0.0,0.0,0.0,0.0,0.0,0.0,0.0,0.0,0.0,0.0,0.0,0.0,0.0,0.0,0,1,0,0,1,1,1,1,4.56786240126274,1,Config Violation: Trafo1
1,1,1,1,0,0,0,0,0,1,1,0,1,1,0,1,0,1,0,0,1,1,1,0,0,1,0,0,1,0,0,0,0,1,0.0,0.0,0.0,0.0,1.7936,0.1993,0.0,0.0,2.2414,0.5603,2.9715,0.2971,0.0,0.0,3.2159,0.8771,0.0,0.0,2.9038,0.7259,0.0,0.0,0.0,0.0,1.9738,0.4386,2.6803,0.2234,0.0,0.0,0.0,0.0,0.0,0.0,0.0,0.0,0,1,1,1,1,1,1,0,17.780194643921977,1,Config Violation: Feeder2
1,0,0,0,1,0,1,0,1,1,0,1,0,0,1,1,0,0,0,1,0,0,0,0,1,0,0,1,1,1,0,0,0,1,0.0,0.0,0.0,0.0,0.0,0.0,3.5152,0.8788,0.0,0.0,0.0,0.0,0.0,0.0,0.0,0.0,0.0,0.0,0.0,0.0,0.0,0.0,0.0,0.0,0.0,0.0,0.0,0.0,0.0,0.0,0.0,0.0,0.0,0.0,0.0,0.0,0,1,0,1,0,0,1,1,3.515220968837408,1,Config Violation: Trafo1
0,1,1,1,1,0,0,0,1,0,0,0,0,0,1,1,1,1,0,1,1,0,1,0,1,1,1,0,1,1,1,1,1,0,0.0,0.0,0.0,0.0,0.0,0.0,0.0,0.0,0.0,0.0,0.0,0.0,3.0297,0.6059,2.7686,0.7551,2.255,0.2506,2.9385,0.7346,0.0,0.0,3.0701,0.307,2.0677,0.4595,0.0,0.0,0.0,0.0,0.0,0.0,2.1059,0.234,3.3623,0.8406,0,0,1,0,0,1,0,1,21.59795548164155,1,Config Violation: Trafo1
1,1,1,1,1,1,1,1,0,0,1,0,1,0,0,1,0,0,1,0,1,1,0,0,0,1,0,0,0,1,0,0,1,1,3.0141,0.6028,0.0,0.0,0.0,0.0,0.0,0.0,2.3526,0.5881,0.0,0.0,0.0,0.0,0.0,0.0,0.0,0.0,0.0,0.0,0.0,0.0,0.0,0.0,0.0,0.0,0.0,0.0,0.0,0.0,0.0,0.0,0.0,0.0,0.0,0.0,0,1,0,1,0,0,1,1,5.3666646476627635,1,Config Violation: Feeder2
0,1,0,1,1,0,1,1,0,0,1,0,0,1,0,0,0,0,0,1,1,1,0,0,0,0,1,0,1,0,1,0,0,1,0.0,0.0,0.0,0.0,0.0,0.0,0.0,0.0,0.0,0.0,0.0,0.0,0.0,0.0,0.0,0.0,0.0,0.0,0.0,0.0,0.0,0.0,0.0,0.0,0.0,0.0,0.0,0.0,0.0,0.0,0.0,0.0,0.0,0.0,0.0,0.0,0,1,0,0,1,0,1,0,0.0,1,Config Violation: Feeder2
0,1,0,1,1,0,1,1,1,1,1,1,1,1,0,1,1,1,0,1,1,0,1,1,0,1,0,0,0,0,0,0,0,0,2.285,0.457,2.8124,0.767,2.3321,0.2591,2.7703,0.6926,2.0894,0.5223,2.4279,0.2428,0.0,0.0,0.0,0.0,0.0,0.0,0.0,0.0,0.0,0.0,0.0,0.0,0.0,0.0,0.0,0.0,0.0,0.0,0.0,0.0,0.0,0.0,0.0,0.0,1,0,0,1,0,0,0,1,14.71695068268352,1,Config Violation: Feeder2
0,0,0,1,1,0,0,0,1,0,0,1,0,1,0,1,1,0,1,0,1,1,0,1,1,0,0,1,0,1,1,0,1,0,0.0,0.0,0.0,0.0,0.0,0.0,0.0,0.0,0.0,0.0,0.0,0.0,0.0,0.0,0.0,0.0,0.0,0.0,0.0,0.0,0.0,0.0,0.0,0.0,0.0,0.0,0.0,0.0,0.0,0.0,0.0,0.0,0.0,0.0,0.0,0.0,1,0,0,1,0,0,1,0,0.0,1,Config Violation: Trafo1
1,1,0,1,0,1,0,1,0,0,1,0,0,0,0,1,1,1,1,1,1,0,0,0,1,1,1,0,1,0,1,0,0,0,0.0,0.0,0.0,0.0,0.0,0.0,0.0,0.0,0.0,0.0,0.0,0.0,0.0,0.0,0.0,0.0,0.0,0.0,0.0,0.0,0.0,0.0,0.0,0.0,0.0,0.0,0.0,0.0,0.0,0.0,0.0,0.0,0.0,0.0,0.0,0.0,1,0,0,0,0,0,0,1,0.0,1,Config Violation: Feeder2
0,0,0,1,1,1,1,1,1,0,0,1,0,0,1,0,0,0,1,1,1,0,0,1,1,1,1,1,0,1,0,1,0,0,0.0,0.0,0.0,0.0,0.0,0.0,2.5576,0.6394,0.0,0.0,0.0,0.0,2.0579,0.4116,0.0,0.0,0.0,0.0,0.0,0.0,2.0144,0.5036,2.6242,0.2624,2.1509,0.478,0.0,0.0,0.0,0.0,0.0,0.0,0.0,0.0,2.4091,0.6023,0,1,0,1,0,1,0,1,13.814062243689555,1,Config Violation: Trafo1
0,1,0,1,1,1,0,1,0,0,1,1,1,0,0,0,0,1,0,1,1,1,1,0,0,0,1,1,0,0,1,1,1,1,2.7097,0.5419,0.0,0.0,0.0,0.0,2.9504,0.7376,1.588,0.397,0.0,0.0,0.0,0.0,0.0,0.0,0.0,0.0,0.0,0.0,0.0,0.0,0.0,0.0,0.0,0.0,0.0,0.0,3.0659,0.6132,2.9341,0.8002,0.0,0.0,0.0,0.0,1,0,0,1,1,1,1,1,13.248161969851296,1,Config Violation: Feeder2
0,1,1,0,1,1,0,1,0,0,0,1,1,1,1,1,0,0,0,0,0,1,1,0,1,1,0,0,0,1,1,0,1,1,0.0,0.0,0.0,0.0,0.0,0.0,3.3366,0.8342,2.3574,0.5893,2.2802,0.228,0.0,0.0,0.0,0.0,0.0,0.0,0.0,0.0,0.0,0.0,0.0,0.0,0.0,0.0,0.0,0.0,0.0,0.0,0.0,0.0,0.0,0.0,0.0,0.0,0,1,1,1,0,0,0,1,7.974247553906041,1,Config Violation: Feeder1
0,0,0,1,0,0,1,0,1,0,1,1,1,1,1,0,0,0,0,1,0,0,0,1,1,0,0,1,1,1,1,1,0,0,0.0,0.0,0.0,0.0,0.0,0.0,0.0,0.0,0.0,0.0,0.0,0.0,0.0,0.0,0.0,0.0,0.0,0.0,0.0,0.0,0.0,0.0,0.0,0.0,0.0,0.0,0.0,0.0,0.0,0.0,0.0,0.0,0.0,0.0,0.0,0.0,0,1,1,0,1,0,1,1,0.0,1,Config Violation: Feeder1
0,0,1,1,0,1,1,1,1,1,0,1,0,1,0,0,1,0,0,1,0,1,1,1,1,0,1,0,0,1,0,1,0,0,0.0,0.0,0.0,0.0,0.0,0.0,0.0,0.0,0.0,0.0,0.0,0.0,0.0,0.0,0.0,0.0,0.0,0.0,0.0,0.0,0.0,0.0,0.0,0.0,0.0,0.0,0.0,0.0,0.0,0.0,0.0,0.0,0.0,0.0,0.0,0.0,1,0,1,1,0,0,1,0,0.0,1,Config Violation: Feeder1
0,1,1,1,0,1,0,0,1,0,1,1,1,0,1,0,1,0,0,0,1,1,0,1,1,1,0,1,1,1,0,1,0,1,0.0,0.0,0.0,0.0,0.0,0.0,0.0,0.0,0.0,0.0,0.0,0.0,0.0,0.0,0.0,0.0,0.0,0.0,0.0,0.0,0.0,0.0,0.0,0.0,0.0,0.0,0.0,0.0,0.0,0.0,0.0,0.0,0.0,0.0,0.0,0.0,0,1,1,1,0,0,1,0,0.0,1,Config Violation: Feeder1
0,1,1,0,1,0,0,0,0,0,0,1,0,1,0,0,0,0,1,0,0,0,1,0,1,1,0,0,1,1,0,0,0,1,0.0,0.0,0.0,0.0,0.0,0.0,0.0,0.0,0.0,0.0,0.0,0.0,0.0,0.0,0.0,0.0,0.0,0.0,0.0,0.0,0.0,0.0,0.0,0.0,0.0,0.0,0.0,0.0,0.0,0.0,0.0,0.0,0.0,0.0,0.0,0.0,0,0,0,1,1,1,1,1,0.0,1,Config Violation: Feeder1
1,0,0,1,1,1,0,0,0,1,1,0,1,1,0,1,1,1,0,1,0,1,0,1,1,0,0,0,0,1,1,1,1,1,0.0,0.0,0.0,0.0,2.0516,0.228,0.0,0.0,1.9875,0.4969,2.2465,0.2247,0.0,0.0,0.0,0.0,0.0,0.0,0.0,0.0,0.0,0.0,2.6234,0.2623,0.0,0.0,2.8232,0.2353,0.0,0.0,0.0,0.0,0.0,0.0,0.0,0.0,0,1,0,1,1,0,1,0,11.73215813901484,1,Config Violation: Trafo2
1,1,1,1,0,0,1,0,1,0,0,1,1,0,0,1,0,0,0,1,1,0,0,1,1,0,0,0,0,1,1,0,1,0,0.0,0.0,2.3811,0.6494,0.0,0.0,3.2491,0.8123,2.4573,0.6143,0.0,0.0,0.0,0.0,0.0,0.0,0.0,0.0,0.0,0.0,0.0,0.0,0.0,0.0,0.0,0.0,0.0,0.0,0.0,0.0,0.0,0.0,0.0,0.0,0.0,0.0,1,1,1,1,0,0,1,1,8.087548458632458,1,Config Violation: Feeder2
0,0,1,0,0,0,1,0,1,0,0,0,0,0,1,1,1,0,1,1,0,1,1,0,1,0,0,0,1,1,0,0,0,0,0.0,0.0,0.0,0.0,0.0,0.0,0.0,0.0,0.0,0.0,0.0,0.0,0.0,0.0,0.0,0.0,0.0,0.0,0.0,0.0,0.0,0.0,0.0,0.0,0.0,0.0,0.0,0.0,0.0,0.0,0.0,0.0,0.0,0.0,0.0,0.0,1,0,0,1,0,1,1,1,0.0,1,Config Violation: Feeder1
0,1,1,1,1,0,1,1,1,0,0,0,1,1,1,1,0,1,0,0,0,0,1,0,1,0,1,1,0,0,1,0,1,0,0.0,0.0,0.0,0.0,0.0,0.0,0.0,0.0,0.0,0.0,0.0,0.0,0.0,0.0,0.0,0.0,0.0,0.0,0.0,0.0,0.0,0.0,0.0,0.0,0.0,0.0,0.0,0.0,0.0,0.0,0.0,0.0,0.0,0.0,0.0,0.0,1,0,0,0,1,1,1,0,0.0,1,Config Violation: Trafo1
0,0,1,1,1,0,0,0,1,0,1,0,1,1,1,1,0,1,1,1,1,1,1,0,0,0,1,1,1,0,0,1,1,0,0.0,0.0,2.8083,0.7659,0.0,0.0,0.0,0.0,1.7962,0.449,2.3718,0.2372,0.0,0.0,0.0,0.0,0.0,0.0,0.0,0.0,0.0,0.0,0.0,0.0,0.0,0.0,0.0,0.0,0.0,0.0,0.0,0.0,0.0,0.0,0.0,0.0,1,0,0,0,0,1,1,1,6.9762539768959275,1,Config Violation: Feeder2
1,1,1,1,0,1,0,1,0,1,1,0,0,1,0,1,1,1,0,1,1,1,1,0,0,0,1,0,1,1,1,1,1,0,2.4834,0.4967,0.0,0.0,1.9325,0.2147,0.0,0.0,0.0,0.0,2.1441,0.2144,0.0,0.0,3.3399,0.9109,1.8527,0.2059,2.8074,0.7019,0.0,0.0,0.0,0.0,0.0,0.0,0.0,0.0,2.7131,0.5426,0.0,0.0,2.3637,0.2626,3.6595,0.9149,1,1,1,1,1,1,1,0,23.296298062151443,1,Config Violation: Feeder2
0,1,0,0,0,0,1,1,1,0,1,0,0,0,1,0,1,1,1,1,0,1,1,1,1,1,0,1,0,1,1,0,0,1,0.0,0.0,0.0,0.0,0.0,0.0,0.0,0.0,0.0,0.0,0.0,0.0,0.0,0.0,0.0,0.0,0.0,0.0,0.0,0.0,0.0,0.0,0.0,0.0,0.0,0.0,0.0,0.0,0.0,0.0,0.0,0.0,0.0,0.0,0.0,0.0,0,0,1,0,1,1,1,1,0.0,1,Config Violation: Feeder1
1,0,0,1,0,0,0,0,0,0,1,1,0,1,1,0,1,0,1,1,0,1,1,1,0,0,0,0,1,0,0,0,1,1,0.0,0.0,0.0,0.0,0.0,0.0,0.0,0.0,0.0,0.0,0.0,0.0,0.0,0.0,0.0,0.0,0.0,0.0,0.0,0.0,0.0,0.0,0.0,0.0,0.0,0.0,0.0,0.0,0.0,0.0,0.0,0.0,0.0,0.0,0.0,0.0,0,0,1,1,1,1,0,1,0.0,1,Config Violation: Trafo1
0,0,0,1,1,1,0,1,1,1,0,0,0,0,0,0,1,0,0,0,0,1,1,1,1,0,1,0,1,1,0,1,1,1,3.0759,0.6152,2.5011,0.6821,2.6497,0.2944,0.0,0.0,0.0,0.0,0.0,0.0,0.0,0.0,0.0,0.0,0.0,0.0,0.0,0.0,0.0,0.0,0.0,0.0,0.0,0.0,2.4799,0.2067,0.0,0.0,0.0,0.0,0.0,0.0,0.0,0.0,1,1,0,1,0,1,1,1,10.70658901910336,1,Config Violation: Trafo2
1,1,1,1,1,1,0,1,1,1,1,1,1,1,1,1,0,1,1,0,0,0,1,0,1,1,0,0,1,0,1,1,0,0,3.0449,0.609,3.296,0.8989,2.7155,0.3017,3.1723,0.7931,1.6313,0.4078,2.0969,0.2097,0.0,0.0,0.0,0.0,0.0,0.0,0.0,0.0,0.0,0.0,0.0,0.0,0.0,0.0,0.0,0.0,0.0,0.0,0.0,0.0,0.0,0.0,0.0,0.0,1,0,0,0,1,1,1,0,15.957018490787728,1,Config Violation: Trafo2
0,1,0,1,0,0,0,0,0,0,1,0,0,1,1,0,1,1,1,1,0,1,1,1,0,1,1,0,1,1,1,0,0,0,0.0,0.0,0.0,0.0,0.0,0.0,0.0,0.0,0.0,0.0,0.0,0.0,0.0,0.0,0.0,0.0,0.0,0.0,0.0,0.0,0.0,0.0,0.0,0.0,0.0,0.0,0.0,0.0,0.0,0.0,0.0,0.0,0.0,0.0,0.0,0.0,1,1,0,0,0,0,0,1,0.0,1,Config Violation: Feeder1
1,0,0,1,1,1,0,0,0,1,1,0,0,0,0,0,1,0,0,0,1,0,1,0,1,1,1,0,1,1,0,1,1,1,0.0,0.0,0.0,0.0,2.4507,0.2723,0.0,0.0,0.0,0.0,0.0,0.0,0.0,0.0,0.0,0.0,0.0,0.0,0.0,0.0,0.0,0.0,0.0,0.0,0.0,0.0,0.0,0.0,0.0,0.0,0.0,0.0,0.0,0.0,0.0,0.0,0,1,0,0,1,0,1,0,2.450734636097724,1,Config Violation: Feeder2
0,0,1,0,1,1,1,0,1,1,1,0,1,0,0,0,1,0,1,1,0,0,0,0,0,1,1,1,1,1,0,0,0,1,0.0,0.0,0.0,0.0,0.0,0.0,0.0,0.0,0.0,0.0,0.0,0.0,0.0,0.0,0.0,0.0,0.0,0.0,0.0,0.0,0.0,0.0,0.0,0.0,0.0,0.0,0.0,0.0,0.0,0.0,0.0,0.0,0.0,0.0,0.0,0.0,1,0,0,0,0,1,0,1,0.0,1,Config Violation: Feeder1
1,1,0,1,1,0,1,1,0,0,1,0,0,0,0,1,1,0,1,1,0,1,1,1,0,0,1,0,0,1,1,0,0,0,2.2486,0.4497,0.0,0.0,0.0,0.0,0.0,0.0,0.0,0.0,0.0,0.0,0.0,0.0,0.0,0.0,0.0,0.0,0.0,0.0,0.0,0.0,0.0,0.0,0.0,0.0,0.0,0.0,2.7638,0.5528,0.0,0.0,0.0,0.0,0.0,0.0,1,1,1,1,1,1,0,1,5.0124072216693065,1,Config Violation: Feeder2
1,1,1,0,0,0,1,0,1,0,1,0,1,0,0,0,0,0,1,0,1,0,1,0,1,0,1,0,1,0,0,1,0,0,0.0,0.0,2.7453,0.7487,0.0,0.0,0.0,0.0,2.0579,0.5145,0.0,0.0,0.0,0.0,0.0,0.0,0.0,0.0,0.0,0.0,0.0,0.0,0.0,0.0,0.0,0.0,0.0,0.0,0.0,0.0,0.0,0.0,0.0,0.0,0.0,0.0,1,0,1,0,1,0,1,1,4.803206566455798,1,Config Violation: Feeder1
0,1,0,0,1,0,0,0,1,0,0,1,0,1,1,1,0,0,1,1,1,0,1,0,0,0,0,1,0,0,0,1,1,1,0.0,0.0,0.0,0.0,0.0,0.0,0.0,0.0,0.0,0.0,0.0,0.0,0.0,0.0,0.0,0.0,0.0,0.0,0.0,0.0,0.0,0.0,0.0,0.0,0.0,0.0,0.0,0.0,0.0,0.0,0.0,0.0,0.0,0.0,0.0,0.0,0,1,0,0,1,1,1,0,0.0,1,Config Violation: Feeder1
1,0,0,0,1,1,1,0,0,1,1,0,0,0,0,1,1,0,0,0,0,1,1,1,0,0,0,1,1,0,0,0,1,0,0.0,0.0,0.0,0.0,0.0,0.0,0.0,0.0,0.0,0.0,0.0,0.0,0.0,0.0,0.0,0.0,0.0,0.0,0.0,0.0,0.0,0.0,0.0,0.0,0.0,0.0,2.6938,0.2245,0.0,0.0,0.0,0.0,0.0,0.0,0.0,0.0,1,0,0,1,1,0,0,1,2.693809182646794,1,Config Violation: Feeder2
0,1,1,0,1,1,1,0,1,0,0,0,1,0,0,1,0,0,1,1,1,1,0,0,0,1,1,1,1,0,1,0,1,0,0.0,0.0,0.0,0.0,0.0,0.0,0.0,0.0,0.0,0.0,0.0,0.0,0.0,0.0,0.0,0.0,0.0,0.0,0.0,0.0,0.0,0.0,0.0,0.0,0.0,0.0,0.0,0.0,0.0,0.0,0.0,0.0,0.0,0.0,0.0,0.0,1,0,1,0,1,0,1,1,0.0,1,Config Violation: Feeder1
1,1,0,1,0,0,0,1,1,0,1,1,0,0,0,1,0,1,0,1,1,0,1,0,1,0,1,1,1,0,1,1,0,0,3.0234,0.6047,2.3029,0.6281,0.0,0.0,3.372,0.843,0.0,0.0,0.0,0.0,0.0,0.0,0.0,0.0,0.0,0.0,0.0,0.0,0.0,0.0,0.0,0.0,0.0,0.0,0.0,0.0,2.1996,0.4399,2.392,0.6524,0.0,0.0,0.0,0.0,1,0,1,1,1,0,1,1,13.28983892175446,1,Config Violation: Feeder2
1,0,1,0,1,0,0,1,1,1,1,1,0,1,1,0,0,0,0,0,0,0,1,0,1,0,1,1,1,1,1,0,1,0,2.009,0.4018,2.4468,0.6673,2.5924,0.288,2.5903,0.6476,0.0,0.0,2.7816,0.2782,0.0,0.0,0.0,0.0,0.0,0.0,0.0,0.0,0.0,0.0,0.0,0.0,0.0,0.0,0.0,0.0,0.0,0.0,0.0,0.0,0.0,0.0,0.0,0.0,0,1,0,0,1,0,0,1,12.420117223152223,1,Config Violation: Trafo2
1,0,1,1,1,1,1,1,1,0,1,1,1,1,1,0,0,0,1,0,0,1,1,1,0,1,0,0,0,0,1,0,1,1,2.163,0.4326,3.2757,0.8934,0.0,0.0,3.2367,0.8092,1.9451,0.4863,2.7217,0.2722,2.6642,0.5328,0.0,0.0,0.0,0.0,0.0,0.0,2.2115,0.5529,0.0,0.0,0.0,0.0,3.521,0.2934,0.0,0.0,0.0,0.0,0.0,0.0,0.0,0.0,1,0,1,0,1,1,1,0,21.73887757999993,1,Config Violation: Feeder3
0,0,0,1,1,1,1,0,1,0,1,1,0,0,1,1,1,1,0,0,1,1,0,0,1,0,1,1,0,1,0,1,0,0,0.0,0.0,2.4947,0.6804,0.0,0.0,3.2336,0.8084,0.0,0.0,0.0,0.0,0.0,0.0,0.0,0.0,0.0,0.0,0.0,0.0,0.0,0.0,0.0,0.0,0.0,0.0,0.0,0.0,0.0,0.0,0.0,0.0,0.0,0.0,3.3331,0.8333,0,1,1,1,0,1,1,1,9.061317033193204,1,Config Violation: Feeder2
1,1,1,0,1,1,1,1,1,0,1,1,1,1,1,1,0,0,1,0,0,0,1,0,0,0,1,1,1,0,0,1,1,1,2.2451,0.449,2.1724,0.5925,0.0,0.0,2.3686,0.5922,1.9771,0.4943,3.0528,0.3053,2.4265,0.4853,2.5633,0.6991,0.0,0.0,0.0,0.0,0.0,0.0,0.0,0.0,0.0,0.0,0.0,0.0,0.0,0.0,0.0,0.0,0.0,0.0,0.0,0.0,1,1,1,1,0,0,1,0,16.80590883081414,1,Config Violation: Feeder2
1,0,1,0,0,1,1,0,1,0,0,1,1,1,1,1,1,1,0,1,1,1,1,0,0,0,0,0,1,1,0,1,0,0,0.0,0.0,0.0,0.0,0.0,0.0,0.0,0.0,0.0,0.0,0.0,0.0,0.0,0.0,0.0,0.0,0.0,0.0,0.0,0.0,0.0,0.0,0.0,0.0,0.0,0.0,0.0,0.0,0.0,0.0,0.0,0.0,0.0,0.0,0.0,0.0,0,1,0,0,1,0,1,0,0.0,1,Config Violation: Feeder1
1,0,0,0,1,1,1,0,0,1,1,0,0,1,1,1,0,0,0,0,1,1,1,0,1,0,0,0,0,1,1,0,0,1,0.0,0.0,0.0,0.0,2.3679,0.2631,0.0,0.0,0.0,0.0,2.3072,0.2307,0.0,0.0,0.0,0.0,0.0,0.0,0.0,0.0,0.0,0.0,0.0,0.0,0.0,0.0,0.0,0.0,0.0,0.0,0.0,0.0,0.0,0.0,0.0,0.0,1,0,0,0,1,0,1,1,4.675109386882905,1,Config Violation: Feeder2
1,0,1,0,1,1,1,1,1,1,1,1,0,1,0,1,1,1,1,0,1,0,0,0,1,0,0,0,1,0,0,0,1,0,0.0,0.0,0.0,0.0,0.0,0.0,0.0,0.0,0.0,0.0,0.0,0.0,0.0,0.0,0.0,0.0,0.0,0.0,0.0,0.0,0.0,0.0,0.0,0.0,0.0,0.0,0.0,0.0,0.0,0.0,0.0,0.0,0.0,0.0,0.0,0.0,0,0,0,0,0,0,1,0,0.0,1,Config Violation: Trafo1
0,0,1,1,0,1,0,0,0,0,0,1,1,0,1,1,0,1,0,1,1,0,1,0,0,1,0,1,1,1,1,0,0,1,0.0,0.0,0.0,0.0,0.0,0.0,0.0,0.0,0.0,0.0,0.0,0.0,0.0,0.0,0.0,0.0,0.0,0.0,0.0,0.0,0.0,0.0,0.0,0.0,0.0,0.0,0.0,0.0,0.0,0.0,0.0,0.0,0.0,0.0,0.0,0.0,0,1,0,1,1,1,0,1,0.0,1,Config Violation: Feeder1
1,0,1,0,0,0,1,0,1,1,1,1,0,0,0,1,1,0,1,0,0,1,0,1,1,1,1,0,1,0,0,0,1,0,0.0,0.0,2.9059,0.7925,2.4384,0.2709,2.7059,0.6765,0.0,0.0,0.0,0.0,0.0,0.0,0.0,0.0,0.0,0.0,0.0,0.0,0.0,0.0,0.0,0.0,0.0,0.0,0.0,0.0,0.0,0.0,0.0,0.0,0.0,0.0,0.0,0.0,1,1,1,1,1,0,1,0,8.050252431991275,1,Config Violation: Feeder1
1,1,1,1,1,0,1,0,0,0,1,0,1,1,1,1,1,1,0,1,1,1,0,0,0,1,0,0,0,0,0,0,0,1,0.0,0.0,0.0,0.0,0.0,0.0,0.0,0.0,2.0836,0.5209,1.9681,0.1968,0.0,0.0,0.0,0.0,0.0,0.0,0.0,0.0,0.0,0.0,0.0,0.0,0.0,0.0,0.0,0.0,0.0,0.0,0.0,0.0,0.0,0.0,0.0,0.0,1,0,1,0,1,1,0,1,4.05172265350181,1,Config Violation: Feeder2
1,0,0,1,1,1,0,1,1,0,0,1,0,1,0,0,1,0,1,0,1,0,0,1,1,0,0,1,1,0,1,1,0,1,2.2195,0.4439,2.2363,0.6099,0.0,0.0,2.7741,0.6935,0.0,0.0,2.4242,0.2424,0.0,0.0,0.0,0.0,0.0,0.0,0.0,0.0,1.6381,0.4095,0.0,0.0,2.3328,0.5184,0.0,0.0,0.0,0.0,0.0,0.0,0.0,0.0,0.0,0.0,1,1,0,1,0,0,1,0,13.624949188598823,1,Config Violation: Trafo2
1,1,0,1,0,1,1,1,1,1,0,1,0,0,1,0,1,0,1,1,1,1,0,1,1,1,0,0,1,1,0,1,0,1,0.0,0.0,0.0,0.0,0.0,0.0,0.0,0.0,0.0,0.0,0.0,0.0,0.0,0.0,0.0,0.0,0.0,0.0,0.0,0.0,0.0,0.0,0.0,0.0,0.0,0.0,0.0,0.0,0.0,0.0,0.0,0.0,2.0936,0.2326,2.6176,0.6544,0,0,0,0,0,1,1,1,4.711176047498295,1,Config Violation: Trafo1
0,0,0,1,0,1,1,1,1,1,0,0,1,1,0,0,0,1,0,1,1,1,0,0,0,0,1,0,0,0,0,0,0,0,0.0,0.0,0.0,0.0,0.0,0.0,0.0,0.0,0.0,0.0,0.0,0.0,0.0,0.0,0.0,0.0,0.0,0.0,0.0,0.0,0.0,0.0,0.0,0.0,0.0,0.0,0.0,0.0,0.0,0.0,0.0,0.0,0.0,0.0,0.0,0.0,1,1,1,0,0,0,1,1,0.0,1,Config Violation: Feeder1
1,0,1,0,0,1,0,0,1,1,1,0,1,1,0,1,1,1,1,0,1,1,0,0,1,1,0,0,0,0,0,1,1,0,0.0,0.0,0.0,0.0,0.0,0.0,0.0,0.0,0.0,0.0,0.0,0.0,0.0,0.0,0.0,0.0,0.0,0.0,0.0,0.0,0.0,0.0,0.0,0.0,0.0,0.0,0.0,0.0,0.0,0.0,0.0,0.0,0.0,0.0,0.0,0.0,1,1,0,0,1,1,0,1,0.0,1,Config Violation: Feeder1
1,1,1,1,1,0,1,0,1,1,1,1,1,1,1,1,1,1,0,1,0,0,0,1,0,0,1,0,1,0,0,0,0,1,0.0,0.0,2.2909,0.6248,2.0808,0.2312,3.2777,0.8194,1.9816,0.4954,2.1491,0.2149,0.0,0.0,0.0,0.0,0.0,0.0,0.0,0.0,0.0,0.0,0.0,0.0,0.0,0.0,0.0,0.0,0.0,0.0,0.0,0.0,0.0,0.0,0.0,0.0,0,1,0,0,1,0,1,1,11.779982996181715,1,Config Violation: Feeder2
1,0,0,1,1,0,0,1,1,0,1,0,1,0,1,1,1,0,0,1,1,0,1,0,0,1,1,0,0,1,1,1,1,1,2.6518,0.5304,2.3571,0.6428,0.0,0.0,0.0,0.0,2.2921,0.573,0.0,0.0,0.0,0.0,0.0,0.0,0.0,0.0,0.0,0.0,0.0,0.0,0.0,0.0,0.0,0.0,0.0,0.0,0.0,0.0,0.0,0.0,0.0,0.0,0.0,0.0,0,1,1,1,1,0,0,1,7.301025992429825,1,Config Violation: Feeder2
0,1,1,0,1,1,0,0,0,0,0,0,0,1,0,1,0,1,0,0,0,1,0,0,1,0,0,1,1,0,1,1,0,0,0.0,0.0,0.0,0.0,0.0,0.0,0.0,0.0,0.0,0.0,0.0,0.0,0.0,0.0,0.0,0.0,0.0,0.0,0.0,0.0,0.0,0.0,0.0,0.0,0.0,0.0,0.0,0.0,0.0,0.0,0.0,0.0,0.0,0.0,0.0,0.0,0,0,1,1,1,1,0,1,0.0,1,Config Violation: Feeder1
0,0,1,0,0,0,1,0,0,1,1,1,0,1,0,0,1,1,1,1,0,0,0,0,1,0,1,0,1,1,0,0,0,1,0.0,0.0,0.0,0.0,0.0,0.0,0.0,0.0,0.0,0.0,0.0,0.0,0.0,0.0,0.0,0.0,0.0,0.0,0.0,0.0,0.0,0.0,0.0,0.0,0.0,0.0,0.0,0.0,0.0,0.0,0.0,0.0,0.0,0.0,0.0,0.0,0,0,0,1,1,1,0,1,0.0,1,Config Violation: Feeder1
0,0,1,1,1,0,0,0,0,0,1,0,1,0,0,0,1,0,0,0,0,1,0,1,0,1,1,1,0,0,0,1,1,0,0.0,0.0,0.0,0.0,0.0,0.0,0.0,0.0,0.0,0.0,0.0,0.0,0.0,0.0,0.0,0.0,0.0,0.0,0.0,0.0,0.0,0.0,0.0,0.0,0.0,0.0,0.0,0.0,0.0,0.0,0.0,0.0,0.0,0.0,0.0,0.0,0,0,0,1,1,0,1,1,0.0,1,Config Violation: Trafo1
1,1,0,1,1,1,1,0,0,0,1,1,1,0,1,0,1,0,0,1,1,1,1,0,0,0,1,1,0,1,1,0,0,1,0.0,0.0,0.0,0.0,0.0,0.0,2.8049,0.7012,2.0571,0.5143,0.0,0.0,0.0,0.0,0.0,0.0,0.0,0.0,0.0,0.0,0.0,0.0,0.0,0.0,0.0,0.0,0.0,0.0,2.55,0.51,2.2749,0.6204,0.0,0.0,2.5104,0.6276,1,1,0,1,1,1,0,1,12.197208492360405,1,Config Violation: Feeder2
1,1,1,1,1,0,0,1,0,1,1,1,1,1,1,0,1,1,0,0,0,0,0,1,0,0,1,1,0,1,1,0,1,1,2.7938,0.5588,0.0,0.0,2.6576,0.2953,3.0583,0.7646,2.4614,0.6154,2.3897,0.239,0.0,0.0,0.0,0.0,0.0,0.0,0.0,0.0,0.0,0.0,0.0,0.0,0.0,0.0,0.0,0.0,2.6557,0.5311,2.4091,0.657,0.0,0.0,2.7573,0.6893,0,1,0,1,1,0,1,1,21.183079161686997,1,Config Violation: Feeder2
0,1,0,0,0,1,1,0,1,0,1,0,1,1,0,0,0,1,0,0,0,1,0,1,0,0,1,0,1,0,1,0,0,1,0.0,0.0,0.0,0.0,0.0,0.0,0.0,0.0,0.0,0.0,0.0,0.0,0.0,0.0,0.0,0.0,0.0,0.0,0.0,0.0,0.0,0.0,0.0,0.0,0.0,0.0,0.0,0.0,0.0,0.0,0.0,0.0,0.0,0.0,0.0,0.0,0,0,0,0,0,0,1,0,0.0,1,Config Violation: Feeder1
0,0,0,0,1,0,0,0,0,0,0,1,0,0,0,1,1,0,1,1,0,1,0,1,1,0,1,1,1,0,0,0,1,0,0.0,0.0,0.0,0.0,0.0,0.0,0.0,0.0,0.0,0.0,0.0,0.0,0.0,0.0,0.0,0.0,0.0,0.0,0.0,0.0,0.0,0.0,0.0,0.0,0.0,0.0,0.0,0.0,0.0,0.0,0.0,0.0,0.0,0.0,0.0,0.0,1,0,1,0,1,0,1,1,0.0,1,Config Violation: Feeder1
1,1,1,1,0,0,1,1,0,1,1,0,0,0,1,1,0,1,1,0,0,0,0,1,1,1,0,1,1,0,0,1,1,1,0.0,0.0,0.0,0.0,0.0,0.0,0.0,0.0,0.0,0.0,0.0,0.0,0.0,0.0,0.0,0.0,0.0,0.0,0.0,0.0,0.0,0.0,0.0,0.0,0.0,0.0,0.0,0.0,0.0,0.0,0.0,0.0,0.0,0.0,0.0,0.0,0,0,0,0,0,1,0,1,0.0,1,Config Violation: Trafo1
0,1,0,1,0,1,0,1,0,1,1,1,1,0,0,0,1,0,0,1,1,0,1,1,1,1,0,0,0,1,1,1,1,0,0.0,0.0,0.0,0.0,0.0,0.0,0.0,0.0,0.0,0.0,0.0,0.0,0.0,0.0,0.0,0.0,0.0,0.0,0.0,0.0,0.0,0.0,0.0,0.0,0.0,0.0,0.0,0.0,0.0,0.0,0.0,0.0,0.0,0.0,0.0,0.0,0,0,1,0,0,1,1,0,0.0,1,Config Violation: Feeder1
0,1,0,1,0,1,0,1,0,1,1,0,1,0,1,0,0,0,1,1,1,1,0,0,0,1,1,0,1,0,0,1,0,0,0.0,0.0,0.0,0.0,0.0,0.0,0.0,0.0,0.0,0.0,0.0,0.0,0.0,0.0,0.0,0.0,0.0,0.0,0.0,0.0,0.0,0.0,0.0,0.0,0.0,0.0,0.0,0.0,0.0,0.0,0.0,0.0,0.0,0.0,0.0,0.0,1,0,1,0,1,1,0,1,0.0,1,Config Violation: Feeder1
0,1,0,0,1,1,1,0,1,1,0,1,0,1,1,0,0,1,1,1,0,1,0,0,1,1,0,0,1,1,0,1,0,1,0.0,0.0,0.0,0.0,0.0,0.0,0.0,0.0,0.0,0.0,0.0,0.0,0.0,0.0,0.0,0.0,0.0,0.0,0.0,0.0,0.0,0.0,0.0,0.0,0.0,0.0,0.0,0.0,0.0,0.0,0.0,0.0,0.0,0.0,0.0,0.0,1,1,1,1,1,0,1,0,0.0,1,Config Violation: Feeder1
1,0,0,1,0,0,1,1,1,0,1,0,0,0,0,1,0,1,1,0,0,0,0,1,0,0,0,1,1,1,1,1,0,0,2.7192,0.5438,3.3651,0.9178,0.0,0.0,0.0,0.0,0.0,0.0,0.0,0.0,0.0,0.0,0.0,0.0,0.0,0.0,0.0,0.0,0.0,0.0,0.0,0.0,0.0,0.0,0.0,0.0,0.0,0.0,0.0,0.0,0.0,0.0,0.0,0.0,0,1,1,0,1,0,1,1,6.084297083315217,1,Config Violation: Feeder2
0,1,1,1,0,1,1,1,1,0,0,0,1,1,0,0,1,1,1,0,1,1,0,0,1,0,0,1,1,0,0,1,0,0,0.0,0.0,0.0,0.0,0.0,0.0,0.0,0.0,0.0,0.0,0.0,0.0,0.0,0.0,0.0,0.0,0.0,0.0,0.0,0.0,0.0,0.0,0.0,0.0,0.0,0.0,0.0,0.0,0.0,0.0,0.0,0.0,0.0,0.0,0.0,0.0,1,1,0,0,0,0,1,0,0.0,1,Config Violation: Feeder1
1,0,1,0,0,0,0,1,0,0,1,1,0,1,1,0,1,0,1,0,1,1,1,1,0,1,1,1,1,0,0,0,1,1,0.0,0.0,0.0,0.0,0.0,0.0,0.0,0.0,0.0,0.0,0.0,0.0,3.0574,0.6115,0.0,0.0,2.301,0.2557,0.0,0.0,2.3815,0.5954,0.0,0.0,2.0002,0.4445,2.4674,0.2056,0.0,0.0,0.0,0.0,0.0,0.0,0.0,0.0,0,0,1,1,0,1,1,1,12.207523274338673,1,Config Violation: Feeder1
0,0,0,1,0,0,1,0,1,1,0,1,1,0,0,1,0,0,0,0,1,1,1,0,1,1,0,1,1,1,1,1,0,0,0.0,0.0,0.0,0.0,0.0,0.0,0.0,0.0,0.0,0.0,0.0,0.0,0.0,0.0,0.0,0.0,0.0,0.0,0.0,0.0,0.0,0.0,0.0,0.0,0.0,0.0,0.0,0.0,0.0,0.0,0.0,0.0,0.0,0.0,0.0,0.0,0,0,1,0,1,0,1,1,0.0,1,Config Violation: Feeder1
1,1,1,0,0,1,1,1,0,0,0,1,0,0,1,1,1,1,0,1,1,1,1,0,0,1,1,1,0,1,0,0,0,0,2.8635,0.5727,0.0,0.0,0.0,0.0,0.0,0.0,0.0,0.0,0.0,0.0,0.0,0.0,0.0,0.0,0.0,0.0,0.0,0.0,0.0,0.0,0.0,0.0,0.0,0.0,0.0,0.0,0.0,0.0,0.0,0.0,0.0,0.0,0.0,0.0,1,1,0,0,1,1,1,0,2.8635228211719777,1,Config Violation: Feeder1
1,0,1,0,1,0,1,0,0,0,0,0,0,0,0,1,1,1,0,1,1,0,0,1,1,0,0,1,1,0,0,1,0,0,0.0,0.0,0.0,0.0,0.0,0.0,0.0,0.0,0.0,0.0,0.0,0.0,0.0,0.0,0.0,0.0,0.0,0.0,0.0,0.0,0.0,0.0,0.0,0.0,0.0,0.0,0.0,0.0,0.0,0.0,0.0,0.0,0.0,0.0,0.0,0.0,1,1,1,1,1,0,1,0,0.0,1,Config Violation: Feeder2
0,1,0,1,1,1,1,1,1,0,1,1,0,1,1,1,1,0,1,1,1,1,0,1,1,0,1,1,1,0,1,0,1,1,0.0,0.0,0.0,0.0,0.0,0.0,0.0,0.0,0.0,0.0,0.0,0.0,2.8814,0.5763,2.3058,0.6289,1.9836,0.2204,0.0,0.0,2.0413,0.5103,2.2936,0.2294,2.211,0.4913,2.445,0.2037,2.8653,0.5731,3.1244,0.8521,2.1962,0.244,0.0,0.0,0,0,1,1,1,0,1,1,24.347575778831487,1,Config Violation: Trafo1
1,0,0,1,1,1,1,1,1,1,1,0,1,0,0,1,0,1,1,0,0,0,0,1,1,1,1,1,1,0,0,0,0,0,2.4649,0.493,2.854,0.7784,1.865,0.2072,0.0,0.0,1.6347,0.4087,0.0,0.0,0.0,0.0,2.9148,0.7949,0.0,0.0,3.4569,0.8642,2.2405,0.5601,0.0,0.0,0.0,0.0,0.0,0.0,0.0,0.0,0.0,0.0,0.0,0.0,0.0,0.0,1,0,0,1,0,0,0,1,17.430772089048247,1,Config Violation: Feeder3
0,0,0,1,0,1,1,1,1,1,0,1,1,1,0,0,1,1,1,1,1,1,0,0,0,1,1,0,0,0,0,0,1,0,0.0,0.0,0.0,0.0,0.0,0.0,0.0,0.0,0.0,0.0,0.0,0.0,0.0,0.0,0.0,0.0,0.0,0.0,0.0,0.0,0.0,0.0,0.0,0.0,0.0,0.0,0.0,0.0,0.0,0.0,0.0,0.0,0.0,0.0,0.0,0.0,1,0,1,0,0,0,1,0,0.0,1,Config Violation: Feeder1
0,1,0,1,1,1,1,1,0,1,1,1,1,1,1,1,1,0,0,1,1,1,0,1,0,0,0,1,0,1,1,0,1,1,2.3176,0.4635,0.0,0.0,2.68,0.2978,3.1381,0.7845,1.9725,0.4931,1.9658,0.1966,0.0,0.0,0.0,0.0,0.0,0.0,0.0,0.0,0.0,0.0,0.0,0.0,0.0,0.0,0.0,0.0,0.0,0.0,2.1575,0.5884,0.0,0.0,3.6757,0.9189,1,0,1,0,1,0,0,1,17.907215410103618,1,Config Violation: Feeder2
0,0,1,0,1,1,1,1,0,0,0,1,0,1,1,1,1,0,1,1,1,1,1,0,1,1,0,1,1,0,0,0,0,0,0.0,0.0,0.0,0.0,0.0,0.0,3.2958,0.824,0.0,0.0,2.5899,0.259,0.0,0.0,0.0,0.0,0.0,0.0,0.0,0.0,0.0,0.0,0.0,0.0,0.0,0.0,0.0,0.0,0.0,0.0,0.0,0.0,0.0,0.0,0.0,0.0,1,1,0,1,1,1,0,1,5.885726706491077,1,Config Violation: Feeder1
0,0,1,0,0,1,0,0,1,1,0,1,1,1,1,0,0,0,0,0,0,1,0,1,0,0,1,1,0,1,0,1,0,0,0.0,0.0,0.0,0.0,0.0,0.0,0.0,0.0,0.0,0.0,0.0,0.0,0.0,0.0,0.0,0.0,0.0,0.0,0.0,0.0,0.0,0.0,0.0,0.0,0.0,0.0,0.0,0.0,0.0,0.0,0.0,0.0,0.0,0.0,0.0,0.0,1,0,0,1,0,0,1,1,0.0,1,Config Violation: Feeder1
1,0,0,0,1,1,0,1,0,1,1,1,1,0,1,1,0,1,0,1,1,0,0,0,0,1,1,1,1,0,1,1,0,1,0.0,0.0,0.0,0.0,0.0,0.0,0.0,0.0,0.0,0.0,0.0,0.0,0.0,0.0,0.0,0.0,0.0,0.0,0.0,0.0,0.0,0.0,0.0,0.0,0.0,0.0,0.0,0.0,0.0,0.0,0.0,0.0,0.0,0.0,0.0,0.0,0,0,0,0,0,0,1,0,0.0,1,Config Violation: Trafo1
1,1,1,0,1,1,1,0,1,0,0,1,1,1,1,1,0,0,1,0,1,1,1,0,0,1,1,0,1,1,1,1,1,1,0.0,0.0,2.7784,0.7578,0.0,0.0,2.7189,0.6797,2.2484,0.5621,2.1015,0.2102,0.0,0.0,0.0,0.0,0.0,0.0,0.0,0.0,0.0,0.0,0.0,0.0,0.0,0.0,0.0,0.0,2.8064,0.5613,0.0,0.0,2.1981,0.2442,3.4854,0.8713,1,1,0,0,1,0,1,0,18.337041177198152,1,Config Violation: Feeder2
0,0,0,1,1,0,1,0,1,0,0,0,0,1,0,0,0,0,1,0,0,1,0,0,0,1,0,1,1,1,1,1,1,1,0.0,0.0,0.0,0.0,0.0,0.0,0.0,0.0,0.0,0.0,0.0,0.0,0.0,0.0,0.0,0.0,0.0,0.0,0.0,0.0,0.0,0.0,0.0,0.0,0.0,0.0,0.0,0.0,0.0,0.0,2.6612,0.7258,2.125,0.2361,3.2983,0.8246,0,0,1,0,0,1,0,1,8.084480221907107,1,Config Violation: Trafo1
0,1,0,1,0,1,0,0,1,0,0,1,0,1,1,0,0,0,1,0,1,1,0,1,0,1,1,0,1,0,1,1,0,1,0.0,0.0,0.0,0.0,0.0,0.0,0.0,0.0,0.0,0.0,0.0,0.0,0.0,0.0,0.0,0.0,0.0,0.0,0.0,0.0,0.0,0.0,0.0,0.0,0.0,0.0,0.0,0.0,0.0,0.0,0.0,0.0,0.0,0.0,0.0,0.0,1,1,1,1,1,1,0,1,0.0,1,Config Violation: Feeder1
0,1,1,1,0,0,0,0,0,1,1,1,1,0,0,0,0,1,1,0,0,0,1,0,1,1,0,0,1,1,0,1,1,1,0.0,0.0,0.0,0.0,0.0,0.0,0.0,0.0,0.0,0.0,0.0,0.0,0.0,0.0,0.0,0.0,0.0,0.0,0.0,0.0,0.0,0.0,0.0,0.0,0.0,0.0,0.0,0.0,0.0,0.0,0.0,0.0,0.0,0.0,0.0,0.0,0,0,0,0,1,1,0,1,0.0,1,Config Violation: Feeder1
1,1,1,0,1,1,0,1,1,0,1,1,0,0,0,0,0,0,0,1,1,1,1,1,1,0,0,1,0,0,0,0,0,0,0.0,0.0,0.0,0.0,0.0,0.0,0.0,0.0,0.0,0.0,0.0,0.0,0.0,0.0,0.0,0.0,0.0,0.0,0.0,0.0,0.0,0.0,0.0,0.0,0.0,0.0,0.0,0.0,0.0,0.0,0.0,0.0,0.0,0.0,0.0,0.0,0,0,1,0,1,0,1,1,0.0,1,Config Violation: Trafo1
0,0,0,0,1,1,1,0,0,1,1,0,0,0,1,0,0,1,1,0,0,0,0,0,0,1,1,0,1,1,0,0,0,1,0.0,0.0,0.0,0.0,0.0,0.0,0.0,0.0,0.0,0.0,0.0,0.0,0.0,0.0,0.0,0.0,0.0,0.0,0.0,0.0,0.0,0.0,0.0,0.0,0.0,0.0,0.0,0.0,0.0,0.0,0.0,0.0,0.0,0.0,0.0,0.0,0,1,0,1,1,1,1,0,0.0,1,Config Violation: Feeder1
0,0,1,0,0,0,1,0,0,0,1,0,1,1,0,0,1,0,1,1,0,0,1,0,1,1,0,1,1,0,1,1,0,0,0.0,0.0,0.0,0.0,0.0,0.0,0.0,0.0,0.0,0.0,0.0,0.0,0.0,0.0,0.0,0.0,0.0,0.0,0.0,0.0,0.0,0.0,0.0,0.0,0.0,0.0,0.0,0.0,0.0,0.0,0.0,0.0,0.0,0.0,0.0,0.0,1,1,1,1,0,1,1,0,0.0,1,Config Violation: Feeder1
0,0,1,1,0,0,0,0,0,0,1,1,0,0,1,0,0,0,0,0,0,1,1,1,0,0,1,0,1,1,1,0,1,1,0.0,0.0,0.0,0.0,0.0,0.0,0.0,0.0,0.0,0.0,0.0,0.0,0.0,0.0,0.0,0.0,0.0,0.0,0.0,0.0,0.0,0.0,0.0,0.0,0.0,0.0,0.0,0.0,0.0,0.0,0.0,0.0,0.0,0.0,0.0,0.0,0,1,0,1,1,0,0,1,0.0,1,Config Violation: Feeder1
1,1,0,0,0,1,1,0,1,1,1,0,1,0,0,0,1,1,0,0,1,0,0,0,0,1,0,1,0,0,1,1,0,0,0.0,0.0,0.0,0.0,0.0,0.0,0.0,0.0,0.0,0.0,0.0,0.0,0.0,0.0,0.0,0.0,0.0,0.0,0.0,0.0,0.0,0.0,0.0,0.0,0.0,0.0,0.0,0.0,0.0,0.0,0.0,0.0,0.0,0.0,0.0,0.0,0,0,1,1,0,1,1,1,0.0,1,Config Violation: Feeder1
1,1,1,0,1,0,0,0,1,1,0,0,0,0,1,0,1,1,1,1,0,0,1,1,1,1,1,1,0,0,0,1,1,1,0.0,0.0,0.0,0.0,0.0,0.0,0.0,0.0,0.0,0.0,0.0,0.0,0.0,0.0,0.0,0.0,0.0,0.0,0.0,0.0,0.0,0.0,0.0,0.0,0.0,0.0,0.0,0.0,0.0,0.0,0.0,0.0,0.0,0.0,0.0,0.0,1,1,0,1,0,0,0,1,0.0,1,Config Violation: Feeder3
1,1,0,1,1,1,0,0,0,1,1,1,1,1,0,0,1,1,1,0,1,1,1,1,1,0,1,1,0,0,0,0,0,0,0.0,0.0,0.0,0.0,1.8113,0.2013,3.1386,0.7847,2.3456,0.5864,2.5256,0.2526,0.0,0.0,0.0,0.0,0.0,0.0,0.0,0.0,0.0,0.0,0.0,0.0,0.0,0.0,0.0,0.0,0.0,0.0,0.0,0.0,0.0,0.0,0.0,0.0,1,1,0,0,0,0,1,0,9.821173934274167,1,Config Violation: Trafo2
1,0,0,1,1,1,1,1,1,0,1,1,1,0,1,0,1,1,0,1,0,1,0,0,0,0,0,1,0,1,1,1,1,0,2.2296,0.4459,2.449,0.6679,0.0,0.0,3.5047,0.8762,1.7894,0.4474,0.0,0.0,0.0,0.0,0.0,0.0,0.0,0.0,0.0,0.0,0.0,0.0,0.0,0.0,0.0,0.0,0.0,0.0,0.0,0.0,2.4978,0.6812,0.0,0.0,2.4937,0.6234,1,1,0,1,1,1,0,1,14.964155939773333,1,Config Violation: Feeder2
1,0,1,1,0,1,1,0,1,1,0,0,0,0,0,1,1,0,1,1,0,1,1,0,0,1,1,1,0,0,1,0,0,1,0.0,0.0,2.9755,0.8115,2.3682,0.2631,0.0,0.0,0.0,0.0,0.0,0.0,0.0,0.0,2.2638,0.6174,2.0993,0.2333,0.0,0.0,1.6398,0.4099,2.8723,0.2872,0.0,0.0,3.3338,0.2778,0.0,0.0,0.0,0.0,0.0,0.0,0.0,0.0,1,0,1,0,0,1,1,1,17.55281511756731,1,Config Violation: Trafo1
1,1,1,1,0,0,1,1,0,0,0,0,1,1,1,0,0,0,1,1,1,0,0,1,0,0,1,1,1,0,0,0,0,1,2.8802,0.576,0.0,0.0,0.0,0.0,0.0,0.0,0.0,0.0,0.0,0.0,0.0,0.0,0.0,0.0,0.0,0.0,0.0,0.0,0.0,0.0,0.0,0.0,0.0,0.0,0.0,0.0,0.0,0.0,0.0,0.0,0.0,0.0,0.0,0.0,1,0,1,0,0,1,1,1,2.8801871932793066,1,Config Violation: Trafo1
0,0,0,0,0,1,0,1,0,1,0,1,1,1,1,1,1,0,1,0,0,1,0,1,0,0,1,1,1,0,1,0,0,1,0.0,0.0,0.0,0.0,0.0,0.0,0.0,0.0,0.0,0.0,0.0,0.0,0.0,0.0,0.0,0.0,0.0,0.0,0.0,0.0,0.0,0.0,0.0,0.0,0.0,0.0,0.0,0.0,0.0,0.0,0.0,0.0,0.0,0.0,0.0,0.0,1,0,1,1,1,1,1,1,0.0,1,Config Violation: Feeder1
0,0,1,0,1,1,1,1,1,1,0,1,0,0,1,0,1,0,0,1,1,0,1,1,0,0,0,1,1,1,0,0,1,0,0.0,0.0,0.0,0.0,0.0,0.0,0.0,0.0,0.0,0.0,0.0,0.0,0.0,0.0,0.0,0.0,0.0,0.0,0.0,0.0,0.0,0.0,0.0,0.0,0.0,0.0,0.0,0.0,0.0,0.0,0.0,0.0,0.0,0.0,0.0,0.0,1,1,1,1,1,0,1,0,0.0,1,Config Violation: Feeder1
1,1,0,1,1,0,0,0,1,1,1,1,1,0,0,0,0,0,0,0,0,1,1,1,1,1,1,0,1,1,1,0,1,0,0.0,0.0,0.0,0.0,0.0,0.0,0.0,0.0,0.0,0.0,0.0,0.0,0.0,0.0,0.0,0.0,0.0,0.0,0.0,0.0,0.0,0.0,0.0,0.0,0.0,0.0,0.0,0.0,2.8237,0.5647,0.0,0.0,0.0,0.0,0.0,0.0,0,0,1,1,1,0,1,1,2.8236875992648143,1,Config Violation: Trafo1
1,0,0,0,0,1,0,1,0,1,1,0,0,0,0,1,1,0,1,0,0,1,0,0,0,1,0,0,0,0,0,0,0,0,2.1615,0.4323,0.0,0.0,2.2047,0.245,0.0,0.0,0.0,0.0,0.0,0.0,0.0,0.0,0.0,0.0,0.0,0.0,0.0,0.0,0.0,0.0,0.0,0.0,0.0,0.0,0.0,0.0,0.0,0.0,0.0,0.0,0.0,0.0,0.0,0.0,1,0,0,0,1,0,1,1,4.3662168259607945,1,Config Violation: Feeder1
0,1,0,0,1,0,0,0,1,1,1,0,0,1,1,0,1,0,0,0,1,0,1,1,0,1,1,1,0,1,1,1,1,0,0.0,0.0,0.0,0.0,0.0,0.0,0.0,0.0,0.0,0.0,0.0,0.0,0.0,0.0,0.0,0.0,0.0,0.0,0.0,0.0,0.0,0.0,0.0,0.0,0.0,0.0,0.0,0.0,0.0,0.0,0.0,0.0,0.0,0.0,0.0,0.0,1,0,1,0,1,1,1,0,0.0,1,Config Violation: Feeder1
0,1,0,0,1,1,0,1,0,0,0,1,1,0,0,0,0,0,0,0,1,0,0,1,1,1,0,1,1,1,0,1,1,0,0.0,0.0,0.0,0.0,0.0,0.0,2.912,0.728,1.8069,0.4517,0.0,0.0,0.0,0.0,0.0,0.0,0.0,0.0,0.0,0.0,0.0,0.0,0.0,0.0,2.0952,0.4656,0.0,0.0,0.0,0.0,0.0,0.0,0.0,0.0,0.0,0.0,0,1,0,1,1,0,1,1,6.814123027027319,1,Config Violation: Feeder1
1,1,1,1,1,0,1,1,0,0,0,1,0,1,0,0,0,0,0,0,0,1,1,1,1,0,0,1,0,1,0,1,0,0,2.9464,0.5893,0.0,0.0,0.0,0.0,3.4076,0.8519,0.0,0.0,2.8105,0.281,0.0,0.0,0.0,0.0,0.0,0.0,0.0,0.0,0.0,0.0,0.0,0.0,0.0,0.0,0.0,0.0,0.0,0.0,0.0,0.0,0.0,0.0,0.0,0.0,1,1,1,0,1,0,1,0,9.164454505794627,1,Config Violation: Trafo2
1,1,1,1,1,0,1,1,0,1,0,0,0,1,1,1,0,1,1,0,1,1,1,1,1,1,1,1,1,1,0,1,1,1,2.7056,0.5411,0.0,0.0,2.3835,0.2648,0.0,0.0,0.0,0.0,2.3199,0.232,2.1928,0.4386,3.2548,0.8877,0.0,0.0,2.7044,0.6761,1.8647,0.4662,0.0,0.0,2.2344,0.4965,2.547,0.2123,2.3083,0.4617,2.836,0.7735,2.3545,0.2616,2.5451,0.6363,1,1,0,1,1,1,1,1,32.2508795481419,0,No anomaly
0,1,1,1,0,1,1,0,0,1,1,0,1,0,0,1,0,1,1,0,1,1,0,1,0,1,1,1,1,1,0,0,0,1,0.0,0.0,0.0,0.0,0.0,0.0,0.0,0.0,0.0,0.0,0.0,0.0,0.0,0.0,0.0,0.0,0.0,0.0,0.0,0.0,0.0,0.0,0.0,0.0,0.0,0.0,0.0,0.0,0.0,0.0,0.0,0.0,0.0,0.0,0.0,0.0,0,1,0,1,1,0,0,1,0.0,1,Config Violation: Feeder1
1,0,0,1,0,1,1,1,0,1,1,1,1,0,1,0,0,1,0,1,0,0,0,0,0,1,0,0,0,1,1,1,0,0,0.0,0.0,0.0,0.0,0.0,0.0,0.0,0.0,0.0,0.0,0.0,0.0,0.0,0.0,0.0,0.0,0.0,0.0,0.0,0.0,0.0,0.0,0.0,0.0,0.0,0.0,0.0,0.0,0.0,0.0,0.0,0.0,0.0,0.0,2.9408,0.7352,0,0,1,1,0,1,1,0,2.9408277950826784,1,Config Violation: Trafo1
0,0,1,1,0,1,1,0,1,1,0,0,1,1,1,0,1,1,1,0,1,1,0,1,1,0,0,1,1,1,1,1,0,0,0.0,0.0,0.0,0.0,0.0,0.0,0.0,0.0,0.0,0.0,0.0,0.0,0.0,0.0,0.0,0.0,0.0,0.0,0.0,0.0,0.0,0.0,0.0,0.0,0.0,0.0,0.0,0.0,0.0,0.0,0.0,0.0,0.0,0.0,0.0,0.0,1,1,1,1,1,0,1,0,0.0,1,Config Violation: Feeder1
0,1,0,1,1,0,0,0,0,0,0,1,0,0,0,1,1,0,0,0,1,1,1,0,0,1,0,0,0,0,0,1,1,1,0.0,0.0,0.0,0.0,0.0,0.0,0.0,0.0,0.0,0.0,0.0,0.0,0.0,0.0,0.0,0.0,0.0,0.0,0.0,0.0,0.0,0.0,0.0,0.0,0.0,0.0,0.0,0.0,0.0,0.0,0.0,0.0,0.0,0.0,0.0,0.0,1,0,0,0,1,1,0,1,0.0,1,Config Violation: Trafo1
0,0,1,0,1,1,1,1,0,0,0,0,1,1,1,0,0,0,0,1,1,1,0,1,1,1,1,0,1,1,0,1,0,1,0.0,0.0,0.0,0.0,0.0,0.0,0.0,0.0,0.0,0.0,0.0,0.0,2.4975,0.4995,0.0,0.0,0.0,0.0,0.0,0.0,0.0,0.0,2.6751,0.2675,1.8551,0.4122,3.2365,0.2697,0.0,0.0,0.0,0.0,0.0,0.0,0.0,0.0,0,0,0,1,1,0,0,1,10.264233620194414,1,Config Violation: Feeder1
1,0,1,0,1,1,0,1,1,0,0,1,0,1,1,1,0,1,1,1,0,1,0,1,1,0,0,1,0,0,1,0,1,0,2.1125,0.4225,3.3715,0.9195,0.0,0.0,0.0,0.0,0.0,0.0,0.0,0.0,0.0,0.0,0.0,0.0,0.0,0.0,0.0,0.0,0.0,0.0,0.0,0.0,0.0,0.0,0.0,0.0,0.0,0.0,0.0,0.0,0.0,0.0,0.0,0.0,1,0,1,1,1,0,1,0,5.4839732290446275,1,Config Violation: Trafo1
1,1,0,1,0,0,0,1,0,0,1,1,1,0,1,0,1,0,0,0,0,1,0,0,1,0,1,1,0,1,0,1,0,0,0.0,0.0,0.0,0.0,0.0,0.0,0.0,0.0,0.0,0.0,0.0,0.0,0.0,0.0,0.0,0.0,0.0,0.0,0.0,0.0,0.0,0.0,0.0,0.0,0.0,0.0,0.0,0.0,0.0,0.0,0.0,0.0,0.0,0.0,0.0,0.0,0,0,1,1,1,1,1,0,0.0,1,Config Violation: Trafo1
1,1,0,0,0,1,0,0,0,1,0,1,0,0,1,0,0,1,1,0,1,0,0,1,1,0,1,1,1,0,1,1,1,1,0.0,0.0,0.0,0.0,2.6571,0.2952,0.0,0.0,0.0,0.0,0.0,0.0,0.0,0.0,0.0,0.0,0.0,0.0,0.0,0.0,0.0,0.0,0.0,0.0,0.0,0.0,0.0,0.0,0.0,0.0,0.0,0.0,0.0,0.0,0.0,0.0,1,1,0,1,0,0,1,0,2.6571438949957353,1,Config Violation: Feeder1
1,0,1,0,0,0,1,0,1,1,1,0,1,0,0,1,1,1,1,0,1,0,0,0,1,1,0,0,0,1,1,1,1,1,0.0,0.0,0.0,0.0,0.0,0.0,0.0,0.0,0.0,0.0,0.0,0.0,0.0,0.0,0.0,0.0,0.0,0.0,0.0,0.0,0.0,0.0,0.0,0.0,0.0,0.0,0.0,0.0,0.0,0.0,0.0,0.0,0.0,0.0,0.0,0.0,0,1,1,1,1,0,1,1,0.0,1,Config Violation: Feeder1
1,0,0,0,0,1,0,1,1,0,1,1,0,0,0,0,1,0,1,0,1,1,1,0,1,0,1,0,0,0,1,1,1,1,0.0,0.0,0.0,0.0,0.0,0.0,0.0,0.0,0.0,0.0,0.0,0.0,0.0,0.0,0.0,0.0,0.0,0.0,0.0,0.0,0.0,0.0,0.0,0.0,0.0,0.0,0.0,0.0,0.0,0.0,0.0,0.0,0.0,0.0,0.0,0.0,0,1,0,1,0,1,1,1,0.0,1,Config Violation: Feeder1
1,0,0,0,1,0,1,1,0,1,0,1,1,1,1,0,1,0,0,0,1,0,0,1,1,1,0,1,0,1,0,1,1,1,2.6236,0.5247,0.0,0.0,1.8419,0.2047,0.0,0.0,0.0,0.0,0.0,0.0,0.0,0.0,0.0,0.0,0.0,0.0,0.0,0.0,0.0,0.0,0.0,0.0,0.0,0.0,0.0,0.0,0.0,0.0,2.644,0.7211,0.0,0.0,3.0583,0.7646,1,0,1,0,1,0,1,1,10.167771230082632,1,Config Violation: Trafo1
0,0,1,0,0,1,1,0,1,1,1,0,0,0,0,0,0,1,1,0,0,0,0,0,0,0,1,1,0,0,1,0,0,0,0.0,0.0,0.0,0.0,0.0,0.0,0.0,0.0,0.0,0.0,0.0,0.0,0.0,0.0,0.0,0.0,0.0,0.0,0.0,0.0,0.0,0.0,0.0,0.0,0.0,0.0,0.0,0.0,0.0,0.0,0.0,0.0,0.0,0.0,0.0,0.0,1,0,1,1,0,1,1,0,0.0,1,Config Violation: Feeder1
1,0,1,1,0,1,1,0,0,1,0,1,0,1,1,1,1,1,0,0,1,0,1,0,1,0,1,0,0,0,1,0,1,0,0.0,0.0,0.0,0.0,0.0,0.0,0.0,0.0,0.0,0.0,0.0,0.0,0.0,0.0,0.0,0.0,0.0,0.0,0.0,0.0,0.0,0.0,0.0,0.0,1.8438,0.4097,0.0,0.0,0.0,0.0,0.0,0.0,0.0,0.0,0.0,0.0,0,0,0,1,1,1,1,0,1.8438114943574084,1,Config Violation: Trafo1
1,1,1,0,0,0,0,1,0,1,0,1,0,1,0,0,1,1,0,1,0,0,0,0,1,0,0,1,1,1,0,0,0,0,0.0,0.0,0.0,0.0,0.0,0.0,0.0,0.0,0.0,0.0,0.0,0.0,0.0,0.0,0.0,0.0,0.0,0.0,0.0,0.0,0.0,0.0,0.0,0.0,0.0,0.0,0.0,0.0,0.0,0.0,0.0,0.0,0.0,0.0,0.0,0.0,0,1,1,1,1,0,1,1,0.0,1,Config Violation: Feeder1
1,1,1,1,1,0,0,0,0,0,0,1,1,1,1,0,0,1,0,0,1,1,1,1,0,1,0,0,0,1,0,0,1,0,0.0,0.0,0.0,0.0,0.0,0.0,0.0,0.0,0.0,0.0,0.0,0.0,0.0,0.0,0.0,0.0,0.0,0.0,0.0,0.0,0.0,0.0,0.0,0.0,0.0,0.0,0.0,0.0,0.0,0.0,0.0,0.0,0.0,0.0,0.0,0.0,0,0,0,0,1,1,1,1,0.0,1,Config Violation: Trafo1
1,0,0,0,1,0,0,1,1,1,1,0,0,1,0,1,1,1,1,0,0,1,0,0,0,1,1,0,1,1,0,0,0,1,2.8408,0.5682,3.1105,0.8483,2.3443,0.2605,0.0,0.0,0.0,0.0,2.8651,0.2865,0.0,0.0,0.0,0.0,0.0,0.0,0.0,0.0,0.0,0.0,0.0,0.0,0.0,0.0,0.0,0.0,0.0,0.0,0.0,0.0,0.0,0.0,0.0,0.0,1,1,1,1,1,1,1,1,11.160647819421767,1,Config Violation: Feeder2
1,0,1,1,0,0,0,1,1,1,0,0,1,0,0,0,0,0,1,0,0,1,1,1,1,1,1,0,0,1,0,0,0,0,0.0,0.0,0.0,0.0,0.0,0.0,0.0,0.0,0.0,0.0,0.0,0.0,0.0,0.0,0.0,0.0,0.0,0.0,0.0,0.0,0.0,0.0,0.0,0.0,0.0,0.0,0.0,0.0,0.0,0.0,0.0,0.0,0.0,0.0,0.0,0.0,0,1,0,0,0,0,0,1,0.0,1,Config Violation: Trafo1
1,1,0,0,0,0,0,1,0,1,1,0,1,0,1,1,0,0,1,0,0,1,0,0,1,0,1,0,1,0,1,0,1,0,2.4031,0.4806,0.0,0.0,2.217,0.2463,0.0,0.0,2.0192,0.5048,0.0,0.0,0.0,0.0,0.0,0.0,0.0,0.0,0.0,0.0,0.0,0.0,0.0,0.0,0.0,0.0,0.0,0.0,0.0,0.0,0.0,0.0,2.0469,0.2274,0.0,0.0,1,0,0,0,0,1,1,0,8.68625699554898,1,Config Violation: Feeder1
0,1,1,1,1,0,0,0,0,0,0,1,1,0,1,1,0,1,0,0,0,0,0,0,0,0,0,0,0,1,0,0,0,0,0.0,0.0,0.0,0.0,0.0,0.0,0.0,0.0,0.0,0.0,0.0,0.0,0.0,0.0,0.0,0.0,0.0,0.0,0.0,0.0,0.0,0.0,0.0,0.0,0.0,0.0,0.0,0.0,0.0,0.0,0.0,0.0,0.0,0.0,0.0,0.0,0,0,1,1,1,0,1,1,0.0,1,Config Violation: Trafo1
0,1,0,0,0,1,0,0,1,0,1,1,1,0,0,1,1,0,0,1,0,0,1,0,1,1,1,1,1,0,1,1,0,1,0.0,0.0,0.0,0.0,0.0,0.0,0.0,0.0,0.0,0.0,0.0,0.0,0.0,0.0,0.0,0.0,0.0,0.0,0.0,0.0,0.0,0.0,0.0,0.0,0.0,0.0,0.0,0.0,0.0,0.0,0.0,0.0,0.0,0.0,0.0,0.0,0,1,0,0,0,0,1,1,0.0,1,Config Violation: Feeder1
0,1,1,1,1,0,1,0,0,0,0,0,1,0,0,0,1,1,1,0,0,0,1,1,1,0,1,0,0,0,1,1,0,1,0.0,0.0,0.0,0.0,0.0,0.0,0.0,0.0,0.0,0.0,0.0,0.0,0.0,0.0,0.0,0.0,0.0,0.0,0.0,0.0,0.0,0.0,0.0,0.0,0.0,0.0,0.0,0.0,2.2508,0.4502,0.0,0.0,0.0,0.0,0.0,0.0,1,0,0,0,1,0,0,1,2.2507865486713436,1,Config Violation: Trafo1
0,0,0,0,0,0,0,1,0,0,1,0,0,0,0,0,1,0,0,0,0,0,1,1,0,0,0,0,0,0,0,1,1,0,0.0,0.0,0.0,0.0,0.0,0.0,0.0,0.0,0.0,0.0,0.0,0.0,0.0,0.0,0.0,0.0,0.0,0.0,0.0,0.0,0.0,0.0,0.0,0.0,0.0,0.0,0.0,0.0,0.0,0.0,0.0,0.0,0.0,0.0,0.0,0.0,0,0,1,1,0,0,1,1,0.0,1,Config Violation: Feeder1
0,1,1,0,0,0,0,0,0,1,0,0,0,1,1,0,1,1,1,1,1,1,0,0,1,1,1,0,1,1,0,0,0,0,0.0,0.0,0.0,0.0,0.0,0.0,0.0,0.0,0.0,0.0,0.0,0.0,0.0,0.0,0.0,0.0,0.0,0.0,0.0,0.0,0.0,0.0,0.0,0.0,0.0,0.0,0.0,0.0,0.0,0.0,0.0,0.0,0.0,0.0,0.0,0.0,0,1,0,1,0,1,1,1,0.0,1,Config Violation: Feeder1
0,1,0,1,1,0,1,1,0,0,0,0,0,1,1,1,0,1,0,0,1,1,0,0,1,0,1,1,1,0,1,0,1,0,0.0,0.0,0.0,0.0,0.0,0.0,0.0,0.0,0.0,0.0,2.2193,0.2219,0.0,0.0,0.0,0.0,0.0,0.0,0.0,0.0,0.0,0.0,0.0,0.0,0.0,0.0,0.0,0.0,0.0,0.0,0.0,0.0,0.0,0.0,0.0,0.0,0,1,0,1,0,0,1,1,2.2192744939836984,1,Config Violation: Trafo1
0,0,1,0,1,1,0,0,1,1,0,1,0,1,1,0,0,0,0,1,0,0,0,1,0,0,0,0,0,0,1,1,1,1,0.0,0.0,0.0,0.0,0.0,0.0,3.2613,0.8153,0.0,0.0,2.4555,0.2455,0.0,0.0,0.0,0.0,0.0,0.0,0.0,0.0,0.0,0.0,2.7117,0.2712,0.0,0.0,0.0,0.0,0.0,0.0,0.0,0.0,0.0,0.0,0.0,0.0,0,1,1,1,1,1,0,1,8.428511189574085,1,Config Violation: Feeder1
1,1,1,1,1,1,0,0,0,0,1,0,0,0,1,0,1,1,0,0,0,0,1,1,1,1,1,0,1,0,1,1,1,0,0.0,0.0,0.0,0.0,0.0,0.0,0.0,0.0,0.0,0.0,0.0,0.0,1.9952,0.399,0.0,0.0,2.4582,0.2731,3.4754,0.8688,0.0,0.0,0.0,0.0,0.0,0.0,0.0,0.0,0.0,0.0,0.0,0.0,1.9827,0.2203,0.0,0.0,0,0,1,1,0,1,1,0,9.911434709384523,1,Config Violation: Trafo1
1,0,0,1,1,1,1,1,0,1,1,0,1,0,1,0,1,0,1,1,0,1,0,1,1,0,1,0,1,1,0,1,1,1,2.3987,0.4797,0.0,0.0,2.0425,0.2269,0.0,0.0,1.8874,0.4719,0.0,0.0,2.4193,0.4839,0.0,0.0,2.1896,0.2433,0.0,0.0,0.0,0.0,0.0,0.0,0.0,0.0,0.0,0.0,2.6451,0.529,0.0,0.0,1.8329,0.2037,3.1306,0.7827,0,1,1,0,1,0,1,0,18.54615976008969,1,Config Violation: Trafo2
0,1,1,0,0,1,0,0,1,1,0,0,0,1,1,1,0,0,0,0,0,1,1,1,0,1,0,0,1,1,1,1,1,1,0.0,0.0,0.0,0.0,0.0,0.0,0.0,0.0,0.0,0.0,0.0,0.0,0.0,0.0,0.0,0.0,0.0,0.0,0.0,0.0,0.0,0.0,0.0,0.0,0.0,0.0,0.0,0.0,0.0,0.0,0.0,0.0,0.0,0.0,0.0,0.0,0,1,0,0,1,1,0,1,0.0,1,Config Violation: Feeder1
1,1,0,1,1,1,1,0,0,1,0,1,1,0,1,0,0,0,0,1,0,0,1,0,0,1,0,1,1,0,1,0,1,0,0.0,0.0,0.0,0.0,0.0,0.0,3.0773,0.7693,1.6482,0.4121,0.0,0.0,0.0,0.0,0.0,0.0,0.0,0.0,0.0,0.0,0.0,0.0,0.0,0.0,0.0,0.0,0.0,0.0,0.0,0.0,0.0,0.0,0.0,0.0,0.0,0.0,0,1,0,1,0,0,0,1,4.725508132651791,1,Config Violation: Trafo1
1,1,1,1,1,0,0,0,0,0,0,0,0,0,0,0,1,1,0,0,0,1,0,1,1,1,1,1,1,1,0,0,0,1,0.0,0.0,0.0,0.0,0.0,0.0,0.0,0.0,0.0,0.0,0.0,0.0,0.0,0.0,0.0,0.0,0.0,0.0,0.0,0.0,0.0,0.0,0.0,0.0,0.0,0.0,0.0,0.0,0.0,0.0,0.0,0.0,0.0,0.0,0.0,0.0,0,1,1,0,1,1,1,0,0.0,1,Config Violation: Trafo1
0,0,0,1,1,0,1,1,1,1,1,0,0,0,1,1,1,0,1,0,1,1,0,0,1,1,0,1,0,1,1,1,1,1,2.3079,0.4616,2.6456,0.7215,2.0728,0.2303,0.0,0.0,0.0,0.0,0.0,0.0,0.0,0.0,0.0,0.0,0.0,0.0,0.0,0.0,0.0,0.0,0.0,0.0,0.0,0.0,0.0,0.0,0.0,0.0,0.0,0.0,0.0,0.0,0.0,0.0,1,0,0,0,0,0,1,1,7.026270279352786,1,Config Violation: Feeder2
0,1,0,1,1,1,0,0,1,1,0,0,1,1,1,1,0,1,1,1,0,0,0,0,1,1,1,0,0,0,0,0,0,0,0.0,0.0,0.0,0.0,0.0,0.0,0.0,0.0,0.0,0.0,0.0,0.0,0.0,0.0,0.0,0.0,0.0,0.0,0.0,0.0,0.0,0.0,0.0,0.0,0.0,0.0,0.0,0.0,0.0,0.0,0.0,0.0,0.0,0.0,0.0,0.0,0,1,0,1,1,1,1,0,0.0,1,Config Violation: Trafo1
1,0,0,0,0,1,1,0,0,0,0,0,1,1,0,0,0,1,0,1,0,1,0,1,1,1,1,1,0,1,0,1,0,1,0.0,0.0,0.0,0.0,0.0,0.0,0.0,0.0,0.0,0.0,0.0,0.0,0.0,0.0,0.0,0.0,0.0,0.0,0.0,0.0,0.0,0.0,0.0,0.0,0.0,0.0,0.0,0.0,0.0,0.0,0.0,0.0,0.0,0.0,0.0,0.0,0,1,1,1,1,0,1,0,0.0,1,Config Violation: Feeder1
0,1,0,1,1,1,1,0,1,1,0,0,0,0,0,1,1,0,1,1,0,0,0,1,1,0,0,1,1,0,1,0,0,1,0.0,0.0,2.6643,0.7266,2.2604,0.2512,0.0,0.0,0.0,0.0,0.0,0.0,0.0,0.0,0.0,0.0,0.0,0.0,0.0,0.0,0.0,0.0,0.0,0.0,0.0,0.0,0.0,0.0,0.0,0.0,0.0,0.0,0.0,0.0,0.0,0.0,1,0,0,0,0,1,1,1,4.92473219149722,1,Config Violation: Trafo1
1,1,0,1,0,0,0,0,1,1,0,0,0,0,1,1,1,0,0,0,0,0,1,0,1,1,1,1,1,0,1,1,0,1,0.0,0.0,0.0,0.0,0.0,0.0,0.0,0.0,0.0,0.0,0.0,0.0,0.0,0.0,0.0,0.0,0.0,0.0,0.0,0.0,0.0,0.0,0.0,0.0,0.0,0.0,0.0,0.0,0.0,0.0,0.0,0.0,0.0,0.0,0.0,0.0,0,1,0,0,0,1,1,0,0.0,1,Config Violation: Trafo1
0,1,0,0,0,1,1,1,1,0,1,1,0,0,0,1,1,1,0,0,1,1,0,1,1,1,1,0,0,0,0,1,0,1,0.0,0.0,0.0,0.0,0.0,0.0,0.0,0.0,0.0,0.0,0.0,0.0,0.0,0.0,0.0,0.0,0.0,0.0,0.0,0.0,0.0,0.0,0.0,0.0,0.0,0.0,0.0,0.0,0.0,0.0,0.0,0.0,0.0,0.0,0.0,0.0,0,0,1,0,1,1,1,1,0.0,1,Config Violation: Feeder1
1,1,0,1,0,1,0,0,1,1,1,1,0,0,0,0,0,0,0,1,1,0,1,0,0,1,1,0,1,1,0,1,0,0,0.0,0.0,3.362,0.9169,2.3738,0.2638,2.8635,0.7159,0.0,0.0,0.0,0.0,0.0,0.0,0.0,0.0,0.0,0.0,0.0,0.0,0.0,0.0,0.0,0.0,0.0,0.0,0.0,0.0,0.0,0.0,0.0,0.0,0.0,0.0,0.0,0.0,0,1,0,1,1,0,1,1,8.59933516739283,1,Config Violation: Feeder2
0,1,0,1,1,1,1,1,1,0,1,0,0,1,0,1,1,0,0,1,1,0,1,1,1,1,1,0,1,0,1,1,1,1,0.0,0.0,0.0,0.0,0.0,0.0,0.0,0.0,0.0,0.0,0.0,0.0,0.0,0.0,3.2661,0.8907,2.45,0.2722,0.0,0.0,0.0,0.0,2.4391,0.2439,1.9014,0.4225,0.0,0.0,0.0,0.0,0.0,0.0,0.0,0.0,0.0,0.0,0,0,0,1,0,0,1,1,10.056583561778961,1,Config Violation: Trafo1
1,0,0,1,0,1,0,1,1,0,1,1,1,0,1,1,1,0,1,0,0,1,0,0,1,0,1,1,0,1,1,0,0,0,0.0,0.0,0.0,0.0,0.0,0.0,0.0,0.0,0.0,0.0,0.0,0.0,0.0,0.0,0.0,0.0,0.0,0.0,0.0,0.0,0.0,0.0,0.0,0.0,0.0,0.0,0.0,0.0,0.0,0.0,0.0,0.0,0.0,0.0,0.0,0.0,1,1,1,0,0,1,0,1,0.0,1,Config Violation: Feeder2
1,1,1,0,0,1,1,1,0,1,0,1,0,0,0,1,1,1,0,0,1,1,0,1,1,1,0,1,1,0,0,0,0,1,0.0,0.0,0.0,0.0,0.0,0.0,0.0,0.0,0.0,0.0,0.0,0.0,0.0,0.0,0.0,0.0,0.0,0.0,0.0,0.0,0.0,0.0,0.0,0.0,0.0,0.0,0.0,0.0,0.0,0.0,0.0,0.0,0.0,0.0,0.0,0.0,0,0,0,0,1,1,1,0,0.0,1,Config Violation: Feeder1
1,1,0,1,0,1,1,0,1,0,1,0,1,1,0,0,1,1,0,1,0,0,0,0,0,0,0,0,1,1,1,1,0,1,0.0,0.0,3.2335,0.8819,0.0,0.0,0.0,0.0,2.1994,0.5498,2.3367,0.2337,0.0,0.0,0.0,0.0,0.0,0.0,0.0,0.0,0.0,0.0,0.0,0.0,0.0,0.0,0.0,0.0,0.0,0.0,0.0,0.0,2.4387,0.271,2.6148,0.6537,1,1,1,0,1,0,1,1,12.823100247652238,1,Config Violation: Feeder2
1,1,1,0,0,0,1,0,0,0,0,0,1,0,0,0,0,0,0,0,0,0,0,0,0,1,0,1,0,0,0,1,1,1,0.0,0.0,0.0,0.0,0.0,0.0,0.0,0.0,0.0,0.0,0.0,0.0,0.0,0.0,0.0,0.0,0.0,0.0,0.0,0.0,0.0,0.0,0.0,0.0,0.0,0.0,0.0,0.0,0.0,0.0,0.0,0.0,0.0,0.0,0.0,0.0,1,1,1,1,1,0,1,1,0.0,1,Config Violation: Feeder1
1,0,0,0,0,0,1,1,1,0,0,0,1,0,0,0,0,0,1,0,1,1,0,0,0,1,1,1,0,1,1,0,0,1,0.0,0.0,0.0,0.0,0.0,0.0,0.0,0.0,0.0,0.0,0.0,0.0,0.0,0.0,0.0,0.0,0.0,0.0,0.0,0.0,0.0,0.0,0.0,0.0,0.0,0.0,0.0,0.0,0.0,0.0,0.0,0.0,0.0,0.0,0.0,0.0,1,1,0,0,1,1,0,1,0.0,1,Config Violation: Feeder1
1,0,1,1,0,0,1,0,1,0,1,0,1,1,1,1,0,1,1,1,0,1,0,1,1,1,0,1,0,0,1,1,1,0,0.0,0.0,0.0,0.0,0.0,0.0,0.0,0.0,0.0,0.0,0.0,0.0,0.0,0.0,0.0,0.0,0.0,0.0,0.0,0.0,0.0,0.0,0.0,0.0,0.0,0.0,0.0,0.0,0.0,0.0,0.0,0.0,0.0,0.0,0.0,0.0,0,1,0,1,1,0,0,1,0.0,1,Config Violation: Feeder2
1,0,1,1,1,0,0,0,1,1,1,1,0,0,0,1,0,0,1,1,1,1,1,1,1,0,0,0,0,0,1,0,0,1,0.0,0.0,2.189,0.597,1.946,0.2162,2.4224,0.6056,0.0,0.0,0.0,0.0,0.0,0.0,3.072,0.8378,0.0,0.0,0.0,0.0,0.0,0.0,0.0,0.0,0.0,0.0,0.0,0.0,0.0,0.0,0.0,0.0,0.0,0.0,0.0,0.0,1,1,1,0,1,1,0,1,9.629321559476539,1,Config Violation: Trafo2
0,0,0,0,1,0,0,1,0,0,1,0,0,0,1,0,1,0,1,1,0,1,0,0,1,1,0,1,0,1,1,1,0,0,0.0,0.0,0.0,0.0,0.0,0.0,0.0,0.0,0.0,0.0,0.0,0.0,0.0,0.0,0.0,0.0,0.0,0.0,0.0,0.0,0.0,0.0,0.0,0.0,0.0,0.0,0.0,0.0,0.0,0.0,0.0,0.0,0.0,0.0,0.0,0.0,1,0,0,1,1,1,1,0,0.0,1,Config Violation: Feeder1
0,0,1,1,1,0,0,0,1,1,0,0,0,1,1,0,1,0,0,0,0,0,0,1,1,0,1,1,0,0,1,1,0,1,0.0,0.0,0.0,0.0,0.0,0.0,0.0,0.0,0.0,0.0,0.0,0.0,0.0,0.0,0.0,0.0,0.0,0.0,0.0,0.0,0.0,0.0,0.0,0.0,0.0,0.0,0.0,0.0,0.0,0.0,0.0,0.0,0.0,0.0,0.0,0.0,0,0,1,1,0,0,1,0,0.0,1,Config Violation: Trafo1
1,1,1,1,1,1,0,0,1,0,1,1,1,0,0,0,0,0,0,0,1,1,0,1,1,0,0,0,0,0,1,1,0,1,0.0,0.0,2.3378,0.6376,0.0,0.0,3.3496,0.8374,1.9104,0.4776,0.0,0.0,0.0,0.0,0.0,0.0,0.0,0.0,0.0,0.0,0.0,0.0,0.0,0.0,2.2288,0.4953,3.5409,0.2951,0.0,0.0,0.0,0.0,0.0,0.0,0.0,0.0,1,0,0,1,0,1,1,1,13.367553971481653,1,Config Violation: Trafo2
1,0,0,1,1,0,0,0,0,0,0,0,1,0,1,0,1,1,1,1,0,1,1,1,0,0,0,1,1,0,0,1,0,0,0.0,0.0,0.0,0.0,0.0,0.0,0.0,0.0,0.0,0.0,0.0,0.0,0.0,0.0,0.0,0.0,0.0,0.0,0.0,0.0,0.0,0.0,0.0,0.0,0.0,0.0,0.0,0.0,0.0,0.0,0.0,0.0,0.0,0.0,0.0,0.0,0,0,1,0,0,1,1,0,0.0,1,Config Violation: Trafo1
0,1,1,0,1,0,0,0,1,1,1,1,0,0,1,1,0,0,0,1,0,1,0,0,0,0,1,0,1,0,0,0,1,0,0.0,0.0,2.7687,0.7551,1.9373,0.2153,2.9535,0.7384,0.0,0.0,0.0,0.0,0.0,0.0,0.0,0.0,0.0,0.0,0.0,0.0,0.0,0.0,0.0,0.0,0.0,0.0,0.0,0.0,0.0,0.0,0.0,0.0,0.0,0.0,0.0,0.0,1,1,0,1,1,1,0,1,7.659469167762818,1,Config Violation: Feeder1
0,1,1,1,0,1,0,0,0,0,1,1,1,0,0,0,1,1,0,0,1,1,0,0,0,0,0,1,1,1,1,1,1,1,0.0,0.0,0.0,0.0,0.0,0.0,0.0,0.0,0.0,0.0,0.0,0.0,0.0,0.0,0.0,0.0,0.0,0.0,0.0,0.0,0.0,0.0,0.0,0.0,0.0,0.0,0.0,0.0,0.0,0.0,0.0,0.0,0.0,0.0,0.0,0.0,0,0,1,0,0,0,0,1,0.0,1,Config Violation: Feeder1
0,0,1,0,1,0,1,1,1,0,1,1,0,0,0,0,0,0,1,1,1,0,1,0,1,1,0,0,1,1,0,0,1,0,0.0,0.0,0.0,0.0,0.0,0.0,0.0,0.0,0.0,0.0,0.0,0.0,0.0,0.0,0.0,0.0,0.0,0.0,0.0,0.0,0.0,0.0,0.0,0.0,0.0,0.0,0.0,0.0,0.0,0.0,0.0,0.0,0.0,0.0,0.0,0.0,1,0,0,1,0,1,1,0,0.0,1,Config Violation: Feeder1
0,1,0,0,1,1,1,0,1,1,1,0,1,0,1,1,1,0,0,0,0,1,1,0,0,1,1,0,1,1,1,0,1,0,0.0,0.0,0.0,0.0,0.0,0.0,0.0,0.0,0.0,0.0,0.0,0.0,0.0,0.0,0.0,0.0,0.0,0.0,0.0,0.0,0.0,0.0,0.0,0.0,0.0,0.0,0.0,0.0,0.0,0.0,0.0,0.0,0.0,0.0,0.0,0.0,0,0,1,1,0,0,1,1,0.0,1,Config Violation: Feeder1
1,0,0,0,1,1,1,0,0,1,1,0,0,1,0,0,0,1,0,1,0,1,0,0,0,0,1,0,1,1,0,0,1,1,0.0,0.0,0.0,0.0,1.7917,0.1991,0.0,0.0,0.0,0.0,2.0114,0.2011,0.0,0.0,0.0,0.0,0.0,0.0,0.0,0.0,0.0,0.0,0.0,0.0,0.0,0.0,0.0,0.0,0.0,0.0,0.0,0.0,0.0,0.0,0.0,0.0,1,0,0,0,1,0,1,1,3.803103267187442,1,Config Violation: Feeder2
1,0,1,1,0,1,0,0,0,0,0,1,0,0,1,1,0,1,1,1,1,1,1,1,0,1,0,1,0,0,0,1,0,1,0.0,0.0,0.0,0.0,0.0,0.0,3.3629,0.8407,0.0,0.0,0.0,0.0,2.6762,0.5352,2.9253,0.7978,0.0,0.0,2.7003,0.6751,1.5769,0.3942,2.2957,0.2296,2.3691,0.5265,2.3524,0.196,0.0,0.0,0.0,0.0,0.0,0.0,0.0,0.0,0,1,0,1,1,1,1,1,20.258934482908064,1,Config Violation: Trafo1
0,1,0,1,0,1,0,0,1,1,1,1,1,0,1,0,1,0,1,1,1,0,0,0,1,1,0,1,1,0,1,1,0,1,0.0,0.0,0.0,0.0,0.0,0.0,0.0,0.0,0.0,0.0,0.0,0.0,0.0,0.0,0.0,0.0,0.0,0.0,0.0,0.0,0.0,0.0,0.0,0.0,0.0,0.0,0.0,0.0,0.0,0.0,0.0,0.0,0.0,0.0,0.0,0.0,1,1,1,1,1,0,0,1,0.0,1,Config Violation: Feeder1
0,0,0,0,0,1,0,1,1,1,1,1,1,1,0,1,1,0,1,1,1,0,0,0,0,1,1,0,1,0,1,0,0,0,0.0,0.0,0.0,0.0,0.0,0.0,0.0,0.0,0.0,0.0,0.0,0.0,0.0,0.0,0.0,0.0,0.0,0.0,0.0,0.0,0.0,0.0,0.0,0.0,0.0,0.0,0.0,0.0,0.0,0.0,0.0,0.0,0.0,0.0,0.0,0.0,0,1,1,1,0,0,0,1,0.0,1,Config Violation: Feeder1
0,1,0,1,0,1,1,1,0,1,0,1,0,0,0,0,0,1,1,1,0,1,1,1,1,0,1,0,1,0,1,0,0,1,0.0,0.0,0.0,0.0,0.0,0.0,0.0,0.0,0.0,0.0,0.0,0.0,0.0,0.0,0.0,0.0,0.0,0.0,0.0,0.0,0.0,0.0,0.0,0.0,0.0,0.0,0.0,0.0,0.0,0.0,0.0,0.0,0.0,0.0,0.0,0.0,1,1,0,1,0,1,1,0,0.0,1,Config Violation: Feeder1
0,1,1,0,0,1,0,1,0,0,0,1,1,1,1,0,0,0,0,1,1,0,1,1,0,0,1,1,0,1,0,0,1,0,0.0,0.0,0.0,0.0,0.0,0.0,0.0,0.0,0.0,0.0,0.0,0.0,0.0,0.0,0.0,0.0,0.0,0.0,0.0,0.0,0.0,0.0,0.0,0.0,0.0,0.0,0.0,0.0,0.0,0.0,0.0,0.0,0.0,0.0,0.0,0.0,1,0,1,1,1,1,1,0,0.0,1,Config Violation: Feeder1
0,1,0,1,0,0,0,0,0,0,1,1,1,0,0,0,1,1,1,1,0,1,0,1,1,0,1,1,0,0,1,1,1,1,0.0,0.0,0.0,0.0,0.0,0.0,0.0,0.0,0.0,0.0,0.0,0.0,0.0,0.0,0.0,0.0,0.0,0.0,0.0,0.0,0.0,0.0,0.0,0.0,0.0,0.0,0.0,0.0,0.0,0.0,0.0,0.0,0.0,0.0,0.0,0.0,1,1,1,1,0,1,1,0,0.0,1,Config Violation: Feeder1
1,1,0,1,1,0,1,0,0,0,1,1,1,1,1,1,0,0,1,1,1,0,1,1,1,1,1,0,0,0,0,0,0,0,0.0,0.0,0.0,0.0,0.0,0.0,3.4055,0.8514,2.3788,0.5947,2.5408,0.2541,0.0,0.0,0.0,0.0,0.0,0.0,0.0,0.0,0.0,0.0,0.0,0.0,0.0,0.0,0.0,0.0,0.0,0.0,0.0,0.0,0.0,0.0,0.0,0.0,0,1,0,0,1,0,1,1,8.325095497916209,1,Config Violation: Feeder2
0,0,1,0,1,0,0,0,0,0,1,1,0,0,1,1,0,0,1,1,0,1,0,1,1,0,1,1,0,0,1,0,0,0,0.0,0.0,0.0,0.0,0.0,0.0,2.5044,0.6261,0.0,0.0,0.0,0.0,0.0,0.0,0.0,0.0,0.0,0.0,0.0,0.0,0.0,0.0,0.0,0.0,0.0,0.0,0.0,0.0,0.0,0.0,0.0,0.0,0.0,0.0,0.0,0.0,1,1,0,1,1,1,1,1,2.504437280897719,1,Config Violation: Feeder1
1,1,0,0,0,1,1,1,1,0,0,1,1,0,1,0,0,0,1,1,0,1,1,0,0,1,1,0,1,1,1,1,1,0,0.0,0.0,0.0,0.0,0.0,0.0,0.0,0.0,0.0,0.0,0.0,0.0,0.0,0.0,0.0,0.0,0.0,0.0,0.0,0.0,0.0,0.0,0.0,0.0,0.0,0.0,0.0,0.0,0.0,0.0,0.0,0.0,0.0,0.0,0.0,0.0,0,0,0,1,1,0,0,1,0.0,1,Config Violation: Feeder1
